Bias_data_mat_h21,Bias_data_mat_h22,Bias_data_mat_h23
9,2,1.92
9,3,-2.683333333
9,4,-3.093333333
9,5,-1.393333333
9,6,0.396666667
9,7,0.640000000000001
9,8,0.600000000000001
9,9,0.970000000000001
9,10,NaN
9,11,1.32
9,12,-0.596666667000001
9,14,-1.34
9,15,-1.393333333
9,16,-0.233333333
9,17,-1.503333333
9,18,-1.01
9,19,-1.376666667
9,21,-0.263333332999999
9,22,0.156666667
9,23,0.193333333
9,24,0.433333333
9,25,0.223333333
9,28,2.026666667
9,29,1.34
9,30,0.91
12,1,NaN
12,2,NaN
12,4,NaN
12,6,NaN
12,7,0.140000000000001
12,8,0.600000000000001
12,9,0.57
12,10,0.896666667
12,11,1.42
12,12,-1.396666667
12,14,-1.64
12,17,-0.603333333
12,18,-0.86
12,20,-1.396666667
12,21,0.536666667
12,22,0.556666667
12,23,0.0433333329999996
12,24,-0.486666667
12,27,0.96
12,28,1.426666667
12,31,-1.156666667
12,32,-0.946666667
12,33,-0.44
12,34,-0.0533333329999994
13,1,NaN
13,2,-2.58
13,4,-4.393333333
13,6,-0.803333332999999
13,8,0.700000000000001
13,9,0.869999999999999
13,10,1.296666667
13,11,1.72
13,12,-0.396666667
13,13,-1.616666667
13,16,-1.233333333
13,17,-0.903333333
13,18,-1.36
13,19,-1.976666667
13,20,-2.046666667
13,22,-0.0433333330000005
13,29,0.94
15,4,-7.093333333
15,12,-2.196666667
15,13,-3.066666667
15,15,-2.143333333
15,16,0.166666667
15,17,-0.103333333
15,18,-0.86
15,20,-0.446666667
15,21,0.436666667000001
15,22,0.906666667
15,23,1.193333333
15,24,0.0133333330000003
15,25,-0.626666666999999
15,26,0.96
15,27,1.36
15,28,1.026666667
15,30,0.00999999999999979
15,31,-1.406666667
15,33,0.76
15,34,0.746666667
15,35,0.0766666669999996
16,1,-0.186666669999999
16,2,1.42
16,3,-3.483333333
16,4,-2.093333333
16,5,-0.893333332999999
16,7,1.64
16,8,1
16,9,0.77
16,10,0.796666667
16,12,-1.196666667
19,1,-0.186666669999999
19,2,0.42
19,3,-2.683333333
19,4,-4.193333333
19,5,-0.393333332999999
19,6,2.296666667
19,7,1.34
19,8,0.800000000000001
19,9,0.17
19,10,0.796666667
19,11,1.42
19,12,-1.396666667
19,13,-2.816666667
19,14,-2.04
19,15,-1.093333333
20,2,-0.58
20,4,-4.493333333
20,5,-3.893333333
20,9,0.17
20,11,1.42
20,12,-1.346666667
20,14,-1.54
20,15,-1.993333333
20,16,-1.833333333
20,17,-1.303333333
20,18,-1.06
20,19,-1.676666667
20,20,-1.646666667
20,21,-0.663333333
20,23,0.343333332999999
20,24,0.323333333
20,26,-0.29
20,27,1.01
20,28,1.826666667
20,29,2.24
20,32,-0.746666667
20,33,-0.540000000000001
20,35,-0.323333333
20,36,-0.71
20,38,-1.76
20,40,-1.56
20,42,-2.12
20,43,-1.816666667
20,45,0.46
20,46,-0.133333333
20,47,-0.796666667
20,48,0.1
20,49,0.263333333
20,50,1.026666667
20,51,1.276666667
20,52,2.03
20,54,0.896666667
20,55,-0.523333333
20,56,-0.75
20,57,-0.78
20,58,-0.58
20,59,-0.113333333
20,61,0.0599999999999996
20,63,0.0266666670000006
20,64,0.0199999999999996
20,66,-0.0833333329999997
20,67,-0.266666667
20,69,-0.593333333
20,70,-0.326666667
20,72,0.543333333
20,73,1.02
20,74,1.073333333
20,75,0.816666667
20,76,0.426666667
20,77,-0.903333333
20,78,-2.37
20,79,-2.87
20,80,-2.953333333
20,81,-2.08
20,82,-1.376666667
20,83,-0.336666667
20,84,-0.416666667
20,85,-0.583333333
20,86,-0.55
20,87,-0.41
20,88,-0.263333333
20,89,-0.183333333
20,90,0.096666667
20,91,0.546666667
20,92,1.066666667
20,93,1.246666667
20,94,1.313333333
20,95,1.32
20,98,0.893333333
20,99,1.016666667
20,100,-0.00666666700000018
20,101,0.203333333
20,102,-0.0433333330000005
20,103,-0.676666667
20,104,-1.61
20,105,-2.736666667
20,106,-2.573333333
20,108,-2.803333333
20,109,-1.996666667
20,112,-0.273333333
23,1,-1.88666667
23,2,-1.08
23,3,-2.183333333
23,5,-2.393333333
23,6,1.396666667
23,8,0.970000000000001
23,9,0.970000000000001
23,10,0.996666667
23,12,0.00333333299999872
23,14,-2.54
23,15,-3.293333333
23,16,-1.433333333
23,17,-1.613333333
23,18,-1.76
23,20,-1.146666667
23,21,0.336666667
30,1,-1.68666667
30,2,-1.58
30,3,-5.683333333
30,4,-4.293333333
30,5,-4.293333333
30,6,-0.103333333
30,7,0.940000000000001
30,8,0.4
30,9,-1.03
30,10,0.196666667000001
30,11,0.77
30,12,-1.396666667
30,13,-2.016666667
30,14,-2.29
30,15,-2.393333333
30,16,-2.083333333
30,17,-0.753333333
30,18,-1.22
30,19,-1.576666667
30,20,-1.846666667
30,21,-1.063333333
30,22,0.0666666669999998
30,23,-0.056666667
30,24,-0.256666667
30,25,-0.0766666669999996
30,26,-0.14
30,27,0.66
30,28,1.326666667
30,29,1.3
30,30,1.01
30,31,-1.056666667
30,32,-0.996666667
30,33,-0.640000000000001
30,34,-0.353333332999999
30,35,-0.363333333
30,36,-1.11
30,38,-2.14
30,40,-2.48
30,41,-1.906666667
30,42,-1.62
30,43,-1.596666667
30,44,-1.23
30,45,-1.06
30,46,-0.193333333
30,47,-0.646666667
30,48,-0.04
30,50,0.736666667
31,1,-0.48666667
31,2,2.42
31,3,-1.183333333
31,4,-1.593333333
31,6,0.146666667
31,8,1.8
31,10,1.546666667
31,12,-1.496666667
31,13,-2.616666667
31,14,-2.29
31,16,-1.983333333
31,17,-2.103333333
31,20,-1.546666667
35,1,-0.686666669999999
35,2,-0.58
35,3,-4.683333333
35,4,-4.893333333
35,5,NaN
35,6,-0.703333333
35,7,1.14
35,8,1
35,9,1.67
35,10,2.696666667
35,11,NaN
35,12,NaN
35,14,NaN
35,15,NaN
35,16,-1.033333333
35,17,-1.403333333
35,18,-2.56
35,19,-2.076666667
35,20,-0.676666667
35,21,-0.363333333
35,22,0.456666666999999
35,23,0.743333333
35,24,-0.136666667
35,25,-0.376666666999999
35,26,0.00999999999999979
35,27,0.609999999999999
35,28,1.126666667
35,29,1.24
35,30,0.81
35,31,-1.056666667
35,32,-0.746666667
35,33,0.16
35,34,0.246666667
35,35,-0.183333333
35,36,-1.04
35,37,-1.246666667
35,38,-1.31
35,39,-0.723333332999999
35,40,-1.86
35,41,-2.606666667
35,42,-1.72
35,43,-0.816666667
35,44,-1.23
40,1,-0.98666667
40,2,-0.0800000000000001
40,3,-3.783333333
40,4,-4.593333333
40,6,0.466666667
40,7,1.61
40,8,1.2
40,9,-0.199999999999999
40,10,1.636666667
40,11,1.46
40,12,-1.126666667
40,13,-2.816666667
40,14,-1.84
40,15,-0.743333333
40,16,-0.123333333
40,17,-0.283333333
40,18,-0.930000000000001
40,19,-1.476666667
40,20,-0.276666667
40,21,-0.0833333329999997
40,22,0.676666666999999
40,23,0.263333332999999
40,24,0.133333332999999
40,26,0.44
40,27,1.15
40,28,1.106666667
40,30,0.5
40,31,-0.196666666999999
40,32,-0.136666667
40,34,0.166666667
40,35,-0.183333333
40,36,-0.6
40,38,-1.12
40,39,-0.973333332999999
40,40,-0.83
40,42,-1.28
40,43,-1.036666667
40,44,-1.04
40,46,0.0666666670000002
40,47,-0.096666667
40,51,0.696666667
40,52,0.92
40,53,1.016666667
40,54,0.246666667
40,55,-0.713333333
40,56,-0.83
40,57,-0.65
40,58,-0.100000000000001
40,59,0.366666667
40,60,-0.0833333329999997
40,61,-0.0100000000000007
40,63,0.0266666670000006
40,64,-0.4
40,66,-0.283333333
40,67,-0.266666667
40,68,-0.816666667000001
40,70,0.273333333
40,71,0.37
40,72,0.223333332999999
40,73,0.51
40,74,0.703333333
40,75,0.256666667
40,77,-1.273333333
40,78,-2.44
40,79,-2.01
40,80,-1.783333333
40,81,-1.33
40,82,0.0433333330000001
40,83,-0.366666667
40,84,-1.256666667
40,85,-0.513333333
40,86,-0.75
40,87,-0.65
40,88,-0.413333333
40,89,-0.393333333
40,90,-0.123333333
40,91,0.086666667
40,93,0.736666667
43,1,0.213333330000001
43,5,-0.393333332999999
43,6,1.396666667
43,7,1.64
43,8,0.800000000000001
43,9,0.369999999999999
43,10,1.496666667
43,11,2.32
43,12,-1.696666667
43,13,-2.816666667
43,14,-2.24
43,15,-0.893333333
43,16,-1.833333333
43,17,0.196666667
43,18,-0.29
43,19,-0.976666667
43,21,-0.313333332999999
43,22,-0.143333333
43,23,-0.156666667000001
43,24,-0.436666667
43,25,-0.476666667
43,26,-0.19
43,28,0.226666667
43,29,0.839999999999999
47,2,1.42
47,3,-3.683333333
47,4,-4.093333333
47,5,-1.893333333
47,6,-0.103333333
47,7,0.84
47,8,0.4
47,9,-0.23
47,10,0.396666667
47,11,1.32
51,4,-4.293333333
51,5,-0.793333333
51,6,0.696666667
51,7,1.64
51,10,0.996666667
51,14,-2.44
51,17,-0.303333333
51,19,-1.576666667
51,20,-0.896666667
51,21,-0.0633333329999992
51,22,0.486666667
51,23,0.443333333
51,24,-0.0366666670000004
51,25,-0.276666667
51,26,0.31
51,30,0.71
51,31,-0.556666667
51,33,-0.26
51,34,0.146666667000001
60,3,-1.083333333
60,4,-4.093333333
60,5,-2.493333333
60,6,0.796666667
60,7,2.34
60,8,1.6
60,9,0.869999999999999
60,10,1.396666667
60,11,1.92
60,12,-1.396666667
60,13,-2.116666667
60,14,-1.94
60,16,-0.133333332999999
60,17,-0.103333333
60,18,-0.86
60,19,-1.476666667
60,20,-0.446666667
60,21,0.236666667000001
60,22,0.656666667
60,23,1.043333333
60,24,-0.136666667
60,25,-0.276666667
60,26,0.71
60,27,1.51
60,28,1.726666667
60,29,1.24
60,30,1.41
60,31,-0.156666667
60,32,-0.346666667
60,33,0.0599999999999996
60,34,0.746666667
60,35,0.176666667
60,36,-0.31
60,37,-0.976666667
60,38,-1.44
60,39,-0.923333333
60,40,-0.96
60,41,-1.806666667
60,42,-1.22
60,43,-0.916666667
60,44,-1.13
60,45,-0.24
60,46,-0.333333333
60,47,-0.496666667
60,48,-0.74
60,49,-0.556666667
62,1,0.813333330000001
62,2,2.42
62,3,NaN
62,4,-1.093333333
62,5,-1.393333333
62,6,1.396666667
62,7,1.74
62,8,1.8
62,9,0.17
62,10,2.796666667
62,11,2.82
62,12,0.373333333
62,13,-1.316666667
62,14,-1.04
62,15,-0.893333333
62,16,0.166666667
62,17,0.596666667
62,18,0.14
62,19,-0.476666667
62,20,-0.0466666670000002
62,22,0.556666667
62,23,0.643333332999999
62,24,-0.136666667
62,25,-0.276666667
62,26,1.21
62,27,1.51
62,28,NaN
62,29,1.24
62,30,1.21
62,31,-0.756666666999999
62,32,-0.846666667
62,33,0.66
62,34,0.946666667000001
62,35,0.476666667
62,36,-0.26
62,37,-0.976666667
62,38,-1.14
62,39,-0.373333333
62,40,-1.46
62,41,-2.106666667
62,42,-1.02
62,43,-0.416666667
62,44,-0.93
62,45,-0.54
62,46,-0.133333333
65,1,-2.68666667
65,3,-1.283333333
65,4,-4.093333333
65,5,-3.593333333
65,7,0.640000000000001
65,9,0.77
65,11,0.92
65,12,-1.946666667
65,13,-2.216666667
65,15,-0.793333333000001
65,16,-1.333333333
65,17,-0.803333333
65,18,-1.66
65,19,-1.476666667
65,20,-0.546666667
65,21,-0.0133333329999994
65,22,0.506666666999999
65,23,0.793333333
65,24,-0.386666667
65,25,-1.026666667
65,27,1.91
65,34,0.746666667
65,36,-0.51
65,37,-1.126666667
65,38,-1
65,39,0.126666667
65,40,-1.22
65,41,-2.206666667
65,42,-1.55
65,43,-1.296666667
65,44,-1.2
65,45,-1.19
65,46,-0.503333333
65,47,-0.676666667
65,48,-0.16
65,49,0.0433333329999996
65,50,0.976666667
65,51,1.226666667
65,52,1.6
65,53,1.636666667
65,54,0.196666667
65,55,-0.733333333
65,56,-0.84
65,57,-0.67
65,58,0.27
65,59,0.346666667
65,60,-0.0233333330000001
65,61,-0.29
65,62,-0.0533333329999994
65,63,-0.00333333299999961
65,64,-0.41
65,65,-0.0466666669999993
65,66,0.0266666669999998
65,67,0.323333333
65,68,-0.646666667000001
65,69,-0.493333333000001
65,70,0.603333333
65,71,0.45
65,72,0.543333333
65,73,0.619999999999999
65,74,0.713333333
65,75,0.016666667
65,76,-0.0833333329999997
65,77,-1.283333333
65,78,-2.04
65,79,-1.63
65,80,-1.793333333
65,81,-1.58
65,82,-0.086666667
65,83,-0.126666667
65,84,-0.566666667
65,86,-0.66
65,87,0.03
65,88,-0.183333333
65,89,-0.183333333
65,90,0.076666667
65,92,0.806666667
65,93,0.186666667
65,94,-0.036666667
65,95,0.26
65,96,0.626666667
65,97,0.493333333
65,98,0.503333333
65,99,0.406666667
65,100,-0.096666667
65,101,-0.216666667
65,102,-0.363333333
65,104,-1.81
65,105,-3.056666667
66,1,NaN
66,2,NaN
66,4,NaN
66,5,-1.393333333
66,6,1.396666667
66,7,0.84
66,8,0.100000000000001
66,9,-0.130000000000001
66,10,0.796666667
66,11,0.82
66,12,-1.396666667
66,13,-1.916666667
66,14,-1.74
66,15,-1.893333333
66,16,-0.233333333
66,17,-0.503333333
66,19,-2.276666667
66,20,-1.546666667
66,22,0.256666666999999
66,23,0.143333332999999
66,24,0.363333333
66,25,-0.376666666999999
66,26,0.61
66,27,1.31
66,28,1.226666667
66,29,1.14
66,31,-0.956666667
66,34,0.446666667000001
67,2,0.42
67,3,-2.683333333
67,4,-4.693333333
67,6,0.396666667
67,7,2.64
67,8,0.9
67,9,0.77
67,10,1.496666667
67,13,-1.716666667
67,14,-2.14
67,17,-0.703333333
68,1,-2.05666667
68,2,1.67
68,3,-3.283333333
68,4,-4.093333333
68,5,-1.143333333
68,6,-0.103333333
68,8,0.700000000000001
68,9,-0.0800000000000001
68,11,1.02
68,12,-1.396666667
68,13,-2.516666667
68,14,-2.04
68,15,-2.193333333
68,16,-0.733333333
68,17,-0.803333333
68,18,-1.06
68,19,-1.776666667
68,20,-0.896666667
68,21,0.136666667
68,22,0.556666667
69,1,-1.68666667
69,2,NaN
69,3,-2.183333333
69,4,-4.593333333
69,5,-2.393333333
69,6,0.396666667
69,7,1.14
69,11,1.02
69,13,-3.316666667
69,17,0.096666667
69,18,-0.36
69,19,-0.976666667
69,20,-0.646666667
69,21,0.136666667
69,24,-0.336666667
69,25,-0.876666666999999
69,26,0.21
69,29,1.34
69,30,0.41
69,31,-0.156666667
69,33,0.859999999999999
69,34,0.646666667000001
70,1,-0.686666669999999
70,2,-0.58
70,3,-4.183333333
70,4,-6.093333333
70,5,-1.893333333
70,6,0.396666667
70,7,-0.359999999999999
70,8,-0.699999999999999
70,9,-0.83
70,10,0.596666667000001
70,11,0.220000000000001
70,12,-1.596666667
70,13,-2.116666667
70,14,-0.840000000000001
70,15,-1.893333333
70,16,-1.233333333
70,17,-0.753333333
70,18,-1.36
70,19,-1.876666667
70,20,-0.246666667
70,21,0.536666667
70,22,0.856666667
70,23,0.0433333329999996
70,24,0.0633333330000001
70,25,0.0233333330000001
70,26,0.71
70,27,0.609999999999999
70,28,0.626666667
70,29,0.739999999999999
70,30,0.91
70,31,-0.356666666999999
70,32,-0.146666667
70,33,0.56
70,34,0.746666667
70,36,-0.76
70,37,-1.226666667
70,38,-0.94
70,40,-1.56
72,1,0.813333330000001
72,2,NaN
72,3,-1.683333333
72,4,-3.093333333
72,5,-2.893333333
72,6,1.646666667
72,8,1.3
72,9,1.42
72,11,1.82
72,12,-0.996666667000001
72,14,-1.54
72,15,-0.393333333
72,18,-0.61
72,19,-1.276666667
72,20,-1.646666667
72,22,0.856666667
72,23,1.043333333
72,24,0.363333333
72,25,0.723333333
72,26,0.91
72,27,1.71
72,29,NaN
72,30,1.41
75,1,-0.186666669999999
75,2,1.42
75,3,-0.683333333
75,4,-2.593333333
75,5,-2.393333333
75,6,0.396666667
75,8,1.8
75,12,-1.596666667
75,16,-2.083333333
75,17,-1.603333333
79,1,-0.98666667
79,2,2.42
79,3,-3.583333333
79,4,-4.393333333
79,5,-2.693333333
79,6,0.396666667
79,7,0.84
79,8,0.4
79,9,0.17
79,10,0.796666667
79,14,-3.44
79,15,-1.393333333
79,16,-0.133333332999999
79,17,0.196666667
79,18,-0.260000000000001
79,20,-0.446666667
79,21,-1.063333333
79,22,-0.0433333330000005
79,23,0.443333333
79,24,-0.0366666670000004
79,25,-0.476666667
79,26,-0.89
80,2,-0.58
80,4,-3.793333333
80,5,-3.493333333
80,7,1.44
80,8,1.2
80,9,-0.630000000000001
80,10,1.496666667
80,13,-2.316666667
80,17,-0.503333333
80,18,-0.760000000000001
80,19,-1.376666667
80,22,0.756666666999999
80,24,-0.536666667
82,1,0.613333330000001
82,2,3.72
82,7,1.64
82,8,1.8
82,9,0.92
82,10,1.846666667
82,11,1.67
82,12,-1.696666667
82,13,-2.266666667
82,14,-2.54
82,15,-1.393333333
82,16,-0.233333333
82,17,-0.503333333
82,18,-1.26
82,19,-1.876666667
82,20,-0.546666667
82,21,0.736666667000001
82,22,0.656666667
82,23,0.643333332999999
82,24,-0.436666667
82,25,-0.476666667
82,26,0.81
82,27,1.61
82,31,-1.256666667
82,32,-1.446666667
82,35,0.676666667
84,1,-3.18666667
84,2,0.42
84,4,-7.093333333
84,5,0.106666667000001
84,6,0.896666667
84,7,1.64
84,9,-1.13
84,10,0.396666667
84,11,0.720000000000001
84,12,-2.196666667
84,14,-1.54
84,15,-3.393333333
84,16,-2.333333333
84,17,-1.103333333
84,18,-1.46
84,19,-1.476666667
84,20,-0.646666667
84,21,1.136666667
84,22,1.256666667
84,24,-0.936666667
84,25,-1.276666667
84,26,-0.79
84,28,0.226666667
84,29,0.0399999999999991
84,30,0.109999999999999
84,31,-2.156666667
84,32,-1.346666667
84,33,-1.24
84,34,0.246666667
84,35,-1.723333333
84,36,NaN
84,37,-0.776666667
84,38,-0.840000000000001
84,39,-0.523333333
84,40,-1.26
84,41,-2.206666667
84,42,-0.82
84,43,-0.216666667
84,44,-0.13
84,45,0.26
84,46,0.266666667
84,48,-0.14
84,49,0.0433333329999996
84,50,0.986666667
84,51,0.676666667
84,52,0.28
84,53,0.236666667
84,54,-0.903333333
84,55,-1.633333333
84,56,-0.74
84,57,-1.07
84,58,-0.58
84,59,0.296666667
84,60,-0.223333333
84,61,-0.640000000000001
84,62,-0.253333333
84,63,-0.153333333
84,64,-0.51
84,65,-0.346666667
84,66,-0.323333333
84,67,-0.576666667
84,68,-1.046666667
84,70,0.803333333
84,71,0.25
84,72,0.543333333
84,73,0.22
84,74,0.713333333
84,75,0.116666667
84,76,-0.583333333
84,77,-0.683333333
84,78,-1.94
84,79,-0.83
84,80,-1.093333333
84,81,-1.48
84,82,0.213333333
84,83,-0.056666667
84,84,-0.566666667
84,85,-0.543333333
84,86,-0.16
84,88,-0.083333333
84,89,0.016666667
84,90,0.076666667
84,92,0.406666667
84,93,0.436666667
84,94,0.163333333
84,96,-0.173333333
84,97,-0.00666666700000018
84,98,-0.296666667
84,100,-0.296666667
84,101,-0.616666667
84,102,-0.563333333
84,103,-0.796666666999999
84,104,-1.81
84,105,-2.656666667
84,106,-1.873333333
84,108,-1.603333333
84,109,-1.486666667
84,110,-0.326666667
84,112,-0.143333333
84,113,-0.093333333
84,114,-0.053333333
86,1,2.01333333
86,3,-5.183333333
86,5,-3.093333333
86,11,2.72
86,12,0.203333333
86,13,-1.116666667
86,16,-2.333333333
86,21,0.286666667
86,23,0.543333333
86,24,-0.636666667
86,25,-1.076666667
87,1,-1.68666667
87,3,NaN
87,5,NaN
87,6,2.196666667
87,7,2.64
87,8,1.9
87,10,NaN
87,11,1.32
87,13,-3.316666667
87,15,-1.793333333
87,16,-0.833333333
87,26,NaN
87,27,NaN
87,28,NaN
87,33,0.76
87,34,0.846666667
94,5,NaN
94,6,-0.603333333
94,7,1.74
94,8,1.1
94,9,0.369999999999999
94,10,1.096666667
94,12,-0.996666667000001
94,14,-1.74
94,15,0.206666666999999
94,16,-1.033333333
94,18,-0.760000000000001
94,19,-1.376666667
94,21,-0.0733333329999999
94,22,0.556666667
94,23,0.763333332999999
94,24,-0.0366666670000004
94,25,-0.866666667
94,26,1.06
94,28,1.726666667
94,29,1.14
94,31,-0.056666667
94,32,-0.0466666670000002
94,35,0.576666667
94,37,-0.876666667
94,39,0.0766666670000005
94,40,-1.26
94,41,-1.806666667
94,42,-0.62
94,43,-0.816666667
94,44,-0.83
94,45,-0.34
94,46,-0.0333333329999999
94,47,-0.396666667
94,48,-0.24
94,49,NaN
94,50,0.986666667
94,51,0.976666667
94,52,0.680000000000001
94,53,0.536666667
94,54,-0.503333333
94,56,0.0599999999999996
94,57,0.23
94,58,0.319999999999999
94,59,0.696666667
94,60,-0.123333333
94,61,-0.44
94,63,-0.453333333
94,64,-0.81
94,65,-0.346666667
94,66,-0.323333333
94,68,-0.746666667
94,69,-0.0933333330000004
94,71,0.180000000000001
94,72,0.443333333
94,73,0.39
94,75,0.286666667
94,79,-1.03
94,80,-1.293333333
99,7,2.2
99,8,0.460000000000001
99,9,0.380000000000001
99,10,1.496666667
99,11,1.78
99,14,-1.04
99,15,-0.993333333
99,16,0.016666667
99,17,-1.003333333
99,18,-1.16
99,19,-1.276666667
99,20,-1.096666667
99,25,-0.376666666999999
99,27,1.16
99,28,1.026666667
99,29,1.84
99,30,-0.0899999999999999
99,31,-1.056666667
99,32,-0.346666667
99,33,-0.24
99,35,-0.523333333
99,37,-1.076666667
99,39,-1.023333333
99,40,-1.36
99,41,-1.806666667
99,42,-1.62
99,43,-1.016666667
99,44,-1.03
99,46,-0.333333333
99,47,0.00333333300000005
99,48,-0.14
99,49,-0.056666667
99,50,0.686666667
99,51,0.876666667
99,53,1.136666667
99,55,-0.873333333000001
99,56,-0.44
99,58,-0.180000000000001
99,60,-0.123333333
99,62,-0.253333333
99,64,-0.31
99,66,0.0766666669999996
99,68,-1.246666667
99,70,0.653333333
99,71,0.350000000000001
99,74,0.113333333
99,78,-2.44
99,79,-2.03
99,81,-2.08
99,83,-0.636666667
99,84,-0.966666667
99,85,-0.743333333
99,86,-0.66
99,87,-0.77
99,88,-0.683333333
99,90,-0.0233333330000001
99,91,0.286666667
99,92,0.506666667
99,94,0.263333333
99,95,0.16
99,96,0.126666667
99,98,0.403333333
99,99,0.206666666999999
99,100,0.00333333299999961
99,102,0.236666667
99,104,-1.61
99,107,-0.806666667
99,109,-1.786666667
99,110,-0.826666667
99,114,-0.053333333
100,9,-0.380000000000001
100,17,-0.903333333
100,19,-1.576666667
100,20,-0.346666667
100,21,0.0366666670000004
100,22,0.406666667
100,23,0.293333333
100,24,-0.136666667
100,25,-0.276666667
100,26,0.46
100,27,1.01
100,28,0.976666667
100,29,0.789999999999999
100,30,0.41
100,31,-1.156666667
100,33,-0.24
100,34,0.246666667
100,35,-1.023333333
404,37,-0.956666667
404,38,-0.930000000000001
404,39,-0.433333332999999
404,40,-1.3
404,41,-1.386666667
404,42,-0.82
404,43,-1.076666667
404,44,-0.84
404,45,-0.46
404,46,-0.343333333
404,47,-0.106666667
404,48,0
404,49,-0.0666666670000002
404,50,0.936666667
404,52,0.850000000000001
404,53,0.586666666999999
404,54,-0.483333333
404,55,-1.303333333
404,56,-0.79
404,57,-0.510000000000001
404,58,-0.11
404,59,-0.0133333330000003
404,60,-0.283333333
404,61,-0.46
404,62,-0.383333332999999
404,63,-0.183333333
404,64,-0.43
404,65,-0.106666667
404,66,-0.253333333
404,67,-0.356666667
404,70,0.303333332999999
404,71,0.220000000000001
404,73,0.59
405,37,-0.576666667
405,38,-0.56
405,39,0.0766666670000005
405,40,-0.56
405,41,-1.506666667
405,42,-0.82
405,43,-1.516666667
405,45,-0.34
405,46,-0.633333333
405,48,-0.34
405,49,-0.156666667
405,50,0.586666667
405,51,0.976666667
405,52,1.18
405,53,0.736666667
405,55,-1.133333333
405,56,-1.34
405,58,-0.28
405,60,-0.223333333
405,61,-0.140000000000001
405,71,0.350000000000001
405,74,NaN
405,84,-0.966666667
405,85,-0.743333333
405,86,-0.36
405,87,-0.77
405,89,-0.583333333
405,90,-0.423333333
405,94,0.363333333
405,99,0.306666667
405,100,0.103333333
405,102,0.136666667
405,103,-0.296666666999999
405,104,-1.21
407,37,-1.176666667
407,38,-1.34
407,39,-0.123333333
407,40,-1.16
407,41,-1.906666667
407,42,-1.62
407,43,-1.516666667
407,44,-1.33
407,45,-0.84
407,46,-0.533333333
407,47,-0.496666667
407,48,-0.78
407,49,-0.00666666700000018
407,50,0.906666667
407,51,1.076666667
407,52,1.38
407,53,0.736666667
407,54,-1.003333333
407,55,-0.633333333
407,56,-0.74
407,57,-0.27
407,58,-0.180000000000001
407,59,0.586666667
407,60,-0.163333333
407,61,-0.140000000000001
407,62,-0.653333333
407,63,-0.153333333
407,65,-0.746666667
407,67,-0.176666667
407,68,-1.446666667
407,69,-1.093333333
407,70,0.753333333
407,71,0.15
407,72,0.643333332999999
407,73,0.319999999999999
407,74,0.513333332999999
407,75,0.216666667
407,76,0.016666667
407,77,-1.183333333
407,78,-2.34
407,80,-1.693333333
407,81,-1.88
407,82,-0.486666667
407,83,-1.556666667
407,84,-1.766666667
407,85,-1.043333333
407,86,-0.56
407,87,-0.57
407,88,-0.783333333
407,89,-0.583333333
407,97,0.373333333000001
407,99,0.406666667
407,101,-0.216666667
407,102,0.0366666669999995
407,103,-0.373666666999999
407,104,-1.51
407,106,-2.157333333
407,107,-0.406666667
407,108,-1.169333333
407,109,-1.974666667
407,110,-0.795666667
407,112,-0.629333333
407,118,-0.191333333
407,119,-0.689666667
407,120,-1.186666667
407,121,-0.171333333
407,122,-0.056333333
407,125,-0.113333333
407,126,-0.15
407,130,-0.109666667
407,131,-0.116333333
408,38,-1.42
408,39,-0.523333333
408,40,-0.96
408,41,-2.206666667
408,42,-1.72
408,43,-1.016666667
408,44,-1.03
408,45,-0.64
408,46,-0.733333333
408,49,-0.956666667
408,52,0.58
409,38,-0.840000000000001
409,43,-0.916666667
409,44,-1.03
409,45,-0.64
409,46,-0.583333333
409,48,-0.69
409,51,0.226666667
409,52,0.930000000000001
409,53,0.636666667
409,54,-0.203333333
409,55,-0.633333333
409,56,-0.640000000000001
409,57,-0.37
409,58,-0.0800000000000001
409,59,0.396666667
411,38,-0.82
411,39,-0.253333333
411,40,-1.16
411,42,-1.24
411,43,-0.576666667
411,44,-0.94
411,45,-0.37
411,46,-0.113333333
411,47,-0.276666667
411,48,0.21
411,49,-0.076666667
411,50,0.716666667
411,51,1.056666667
411,52,0.970000000000001
411,54,-0.563333333
411,55,-0.983333333
411,56,-0.69
411,57,-0.27
411,58,-0.04
411,61,0.0899999999999999
411,62,0.0466666670000002
411,63,0.0366666670000004
411,64,-0.41
411,65,0.0433333330000005
411,66,-0.0233333330000001
411,67,-0.236666667
411,68,-0.776666667000001
411,69,-0.573333333000001
411,70,0.203333333
411,73,0.92
411,75,0.366666667
411,78,-2.54
411,79,-1.63
411,80,-1.623333333
411,81,-1.53
411,82,-0.236666667
411,83,-0.576666667
411,85,-0.733333333
411,87,-0.3
411,89,-0.143333333
411,91,0.486666667
411,92,0.659666667
411,94,0.403333333
411,95,0.18
411,96,0.176666667
411,97,0.113333333
411,98,0.143333333
411,99,0.136666667
411,100,0.133333333
411,102,-0.223333333
411,103,-0.646666667
411,104,-1.55
411,105,-2.696666667
411,106,-2.373333333
411,107,-0.826666667
411,108,-1.253333333
411,109,-1.886666667
411,110,-0.526666667
411,111,-0.273333333
411,112,-0.173333333
411,113,-0.113333333
411,114,-0.073333333
411,115,-0.033333333
411,116,-0.303333333
411,117,-0.103333333
411,118,-0.173333333
411,119,-0.206666667
411,120,-0.296666667
411,122,-0.043333333
411,125,-0.153333333
411,126,-0.0838
411,127,-0.047466667
411,128,-0.047666667
411,129,0.016666667
411,131,-0.045733333
411,133,-0.088133333
411,134,-0.03
411,135,-0.23
411,136,-0.166666667
411,137,-0.233333333
411,138,NaN
411,141,0.01
411,142,0.29
411,143,0.236666667
411,144,-0.0933333330000001
411,145,0.26
411,146,0.54
411,147,0.14
411,148,0.016666667
411,149,-0.113333333
411,150,-0.5
414,38,-0.340000000000001
414,39,-0.623333333
414,40,-0.86
414,41,-1.106666667
414,42,-1.22
414,43,-2.216666667
414,44,-0.68
414,45,-0.54
414,46,-0.283333333
414,47,0.253333333
414,48,0.51
414,49,0.493333333
414,50,0.986666667
414,51,0.676666667
414,52,1.28
414,53,1.486666667
414,55,-0.983333333
414,56,-1.19
414,57,-0.57
414,60,0.096666667
414,61,-0.590000000000001
414,62,-0.253333333
414,63,-0.153333333
414,64,-0.62
414,65,0.153333333
414,66,-0.0233333330000001
414,67,-0.276666667
414,68,-0.906666667000001
414,69,-0.993333333000001
414,71,0.350000000000001
414,72,0.443333333
414,73,0.52
414,75,-0.0833333329999997
416,38,-0.94
416,39,-0.523333333
416,40,-1.86
416,41,-2.606666667
416,42,-1.22
416,43,-0.916666667
416,44,-1.18
416,45,-0.54
416,46,-0.233333333
416,47,-0.596666667
416,48,-0.0899999999999999
416,49,0.0433333329999996
416,50,0.886666667
416,51,0.876666667
416,52,0.53
416,54,0.596666667
416,55,-0.883333333
416,56,-0.24
420,38,-0.79
420,40,-1.06
420,42,-0.99
420,43,-0.566666667
420,45,-0.0899999999999999
420,46,-0.283333333
420,47,-0.246666667
420,49,-0.00666666700000018
420,50,0.836666667
420,51,NaN
420,52,1.18
420,53,1.186666667
420,54,-0.353333333
420,55,-1.133333333
420,56,-0.94
420,57,-0.82
420,58,-0.48
420,59,0.096666667
420,60,-0.0233333330000001
420,62,-0.0533333329999994
420,63,0.0466666670000002
420,64,-0.16
420,65,-0.146666667
420,66,-0.223333333
420,67,-0.226666667
420,68,-0.946666667000001
420,69,-0.813333333
420,70,0.0533333329999994
420,72,0.693333333
420,73,0.619999999999999
420,74,NaN
420,75,0.216666667
420,76,-0.783333333
420,77,-0.983333333
420,78,-1.99
420,81,-1.38
420,82,-0.336666667
420,84,-0.966666667
420,85,-0.943333333
420,87,-1.17
420,88,-1.283333333
420,89,-0.733333333
420,90,-0.223333333
420,92,0.406666667
420,93,0.636666667
420,94,0.363333333
420,95,0.41
420,97,0.593333333
420,98,0.453333333
420,99,0.456666666999999
420,101,0.0833333329999997
420,102,-0.0633333330000001
420,103,-0.296666666999999
420,104,-0.91
420,105,-2.456666667
420,106,-2.123333333
420,107,-0.706666667
420,109,-1.436666667
420,110,-0.576666667
420,111,-0.143333333
420,112,-0.243333333
420,113,-0.093333333
420,115,-0.143333333
420,117,-0.073333333
420,118,-0.153333333
420,119,-0.176666667
420,120,-0.236666667
420,121,-0.083333333
420,122,-0.013333333
420,123,0.00333333299999999
420,124,-0.013333333
420,125,0.056666667
420,127,-0.016666667
420,128,-0.026666667
420,129,-0.053333333
420,130,-0.066666667
420,131,-0.073333333
420,132,-0.076666667
420,133,-0.073333333
421,38,-1.39
421,39,-0.223333332999999
421,40,-1.26
421,41,-1.456666667
421,42,-1.32
421,43,-0.816666667
421,44,-1.18
421,45,-0.04
421,46,-0.133333333
421,47,-0.296666667
421,48,NaN
421,49,-0.00666666700000018
421,50,0.616666667
421,51,0.846666667
421,52,0.680000000000001
421,53,0.986666667
421,54,-0.403333333
421,55,-0.533333333000001
421,56,-0.49
421,57,-0.0700000000000003
421,58,0.569999999999999
421,59,0.896666667
421,60,-0.173333333
421,61,-0.04
421,62,-0.00333333299999961
421,63,0.246666667
421,64,-0.68
421,65,-0.546666666999999
421,66,-0.623333333
421,68,-1.096666667
421,69,-1.093333333
421,70,0.203333333
421,71,0.0500000000000007
421,72,0.343333332999999
421,74,0.0633333329999992
421,75,0.016666667
421,76,-0.383333333
421,77,-1.283333333
421,78,-2.69
421,79,-1.73
421,80,-2.093333333
421,81,-2.28
421,83,-1.106666667
421,84,-2.166666667
421,85,-1.793333333
421,86,-0.36
421,87,-0.82
421,88,-0.283333333
421,89,-0.183333333
421,90,-0.173333333
421,91,-0.113333333
421,92,0.00666666700000018
421,93,-0.663333333
421,94,-0.936666667
421,95,-0.24
421,96,-0.373333333
421,97,-0.00666666700000018
421,98,0.203333333
421,99,0.056666667
421,100,-0.196666667
421,102,-0.213333333
421,103,-0.696666667
421,104,-1.21
421,106,-2.123333333
421,107,-1.306666667
421,108,-2.603333333
421,109,-2.136666667
421,110,-0.926666667
421,111,-0.343333333
421,112,-0.293333333
421,114,-0.803333333
421,115,-1.143333333
421,116,-0.663333333
421,117,-0.273333333
421,118,-0.303333333
421,122,-0.083333333
421,123,-0.046666667
421,124,-0.103333333
421,125,-0.093333333
421,127,-0.106666667
421,128,-0.106666667
421,129,-0.103333333
421,130,-0.116666667
421,131,-0.223333333
421,132,-0.226666667
421,134,-0.63
421,135,-0.46
421,137,-0.513333333
421,138,-0.343333333
421,139,-0.653333333
421,140,-0.67
421,141,-0.56
421,142,0.19
421,143,-0.113333333
421,144,-0.143333333
421,145,-0.13
421,146,0.15
421,147,0.16
421,148,0.0866666669999998
421,149,-0.0933333329999999
421,150,-0.45
422,38,-1.34
422,39,0.976666667
422,40,-0.96
422,41,-2.096666667
422,42,-1.92
422,43,-1.316666667
422,44,-1.83
422,46,-0.133333333
422,47,-0.596666667
422,48,-0.54
422,49,-0.156666667
422,50,0.386666667
422,51,0.876666667
422,98,0.203333333
422,99,0.406666667
422,100,-0.096666667
422,101,0.233333333
422,102,0.336666666999999
422,104,-1.31
422,105,-2.056666667
422,106,-2.473333333
422,107,-0.706666667
422,108,-1.203333333
422,113,-0.093333333
422,114,-0.013333333
422,115,-0.143333333
422,116,-0.563333333
422,117,-0.023333333
422,118,-0.103333333
422,119,-0.126666667
422,120,-0.136666667
422,121,-0.083333333
422,122,0.016666667
422,123,0.073333333
422,124,0.056666667
422,125,0.036666667
422,127,-0.066666667
422,128,-0.036666667
422,129,-0.003333333
422,130,0.003333333
422,131,-0.053333333
422,132,-0.026666667
422,133,-0.093333333
422,134,-0.03
422,135,-0.07
422,136,-0.126666667
422,137,-0.263333333
422,138,-0.393333333
422,139,0.036666667
422,140,-0.07
422,141,0.00869999999999993
422,142,0.28
422,143,0.0309666669999999
422,144,-0.143333333
422,145,0.2
422,146,0.3312
422,147,0.1211
422,148,0.0291666669999997
422,149,-0.185333333
423,38,-1.88
423,40,-1.38
423,41,-1.726666667
423,42,-1.44
423,43,-1.116666667
423,44,-1.15
423,45,-0.81
423,46,0.146666667
423,47,-0.236666667
423,48,0.0899999999999999
423,49,0.0733333329999999
423,52,1.59
423,54,-0.0533333330000003
423,56,-0.57
423,57,-0.67
423,58,-0.180000000000001
423,60,-0.153333333
423,63,0.206666667
423,64,-0.3
423,65,0.153333333
423,69,NaN
423,70,-0.416666667
423,73,0.98
423,74,NaN
423,76,0.306666667
423,77,-0.783333333
423,78,-2.52
423,79,-2.75
423,80,-2.243333333
423,82,-0.556666667
423,83,0.103333333
423,84,-0.416666667
423,86,-0.47
423,91,NaN
423,94,1.113333333
423,96,0.016666667
423,97,0.393333333
423,100,-0.096666667
423,101,-0.516666667
423,104,-1.4784
423,107,-1.236666667
423,110,-0.496666667
423,111,-0.00333333299999999
423,112,-0.243333333
423,113,-0.133333333
423,116,-0.243333333
423,117,-0.343333333
423,119,-0.156666667
423,120,-0.349266667
423,121,-0.223333333
423,123,0.010633333
423,124,-0.00333333299999999
423,125,0.001866667
423,127,-0.036666667
423,134,-0.08
423,135,-0.24
424,38,-0.94
424,39,0.126666667
424,40,-1.46
424,41,-2.606666667
424,42,-0.82
424,43,-0.516666667
424,44,-0.78
424,45,0.21
424,46,0.466666667
424,47,-0.396666667
424,48,0.0600000000000001
424,49,0.243333333
424,50,0.786666667
424,52,0.28
424,96,NaN
424,97,NaN
424,98,NaN
424,99,NaN
424,100,NaN
424,101,NaN
424,102,NaN
424,103,NaN
424,104,NaN
424,105,NaN
424,106,NaN
424,107,NaN
424,108,NaN
424,109,NaN
424,111,NaN
424,112,NaN
424,113,NaN
424,114,NaN
424,115,NaN
424,116,NaN
424,117,NaN
424,118,NaN
424,119,NaN
424,120,NaN
424,122,NaN
424,123,NaN
424,124,NaN
424,125,NaN
424,129,NaN
424,131,NaN
424,136,NaN
424,137,NaN
424,138,NaN
424,139,NaN
424,140,NaN
424,141,NaN
424,142,NaN
424,143,NaN
424,144,NaN
424,146,NaN
424,147,NaN
424,148,NaN
424,149,NaN
426,39,-0.563333333
426,40,-1.06
426,41,-1.976666667
426,42,-1.03
426,43,-0.626666667
426,44,-0.74
426,45,-0.34
426,46,-0.193333333
426,47,-0.226666667
426,48,-0.0899999999999999
426,49,0.103333333
426,50,0.906666667
426,51,1.116666667
426,52,1.08
426,53,1.116666667
426,54,0.326666667
426,55,-0.963333333
426,56,-0.29
426,57,-0.59
426,58,0.0199999999999996
426,59,0.326666667
426,60,-0.0333333329999999
426,61,-0.0500000000000007
426,62,0.156666667000001
426,63,0.146666667
426,64,-0.37
426,65,-0.346666667
426,66,-0.293333333
426,67,-0.186666667
426,69,-0.343333333
426,70,0.733333333
426,71,0.42
426,72,0.733333333
426,73,0.789999999999999
426,75,0.346666667
426,76,-0.173333333
426,77,-1.573333333
426,78,-2.41
426,81,-1.57
426,82,-0.486666667
426,83,-0.316666667
426,84,-0.946666667
426,85,-0.783333333
426,86,-0.54
426,87,-0.47
426,88,-0.333333333
426,89,0.056666667
426,90,0.176666667
426,91,0.376666667
426,92,0.656666667
426,94,0.213333333
426,95,0.43
426,97,0.513333333
426,98,0.333333333
426,99,0.0466666669999993
426,100,0.0533333330000003
426,101,-0.316666667
426,102,-0.233333333
426,103,-0.696666667
426,104,-1.77
426,105,-2.706666667
426,107,-0.656666667
426,108,-1.003333333
426,109,-1.606666667
426,110,-1.176666667
426,111,0.026666667
426,112,-0.090433333
426,113,-0.020133333
426,114,-0.046033333
426,115,-0.464433333
426,116,-0.056033333
426,117,-0.030033333
426,118,-0.160033333
426,119,-0.123766667
426,120,-0.098266667
426,121,0.010866667
426,122,0.071666667
426,123,0.089333333
426,124,0.00346666700000001
426,125,0.006566667
426,126,-0.0271
426,127,-0.048766667
426,128,-0.016766667
426,129,0.002066667
426,130,0.004633333
426,131,-0.018333333
426,132,-0.026366667
426,133,-0.009033333
426,134,-0.03
426,135,-0.0175
426,136,-0.115066667
426,137,-0.229433333
426,138,-0.515033333
426,139,-0.453333333
426,140,-0.255
426,141,0.0349999999999999
426,142,0.185
426,143,0.068766667
426,144,-0.0733333330000001
426,145,0.28
426,148,0.744966667
426,149,0.731666667
426,150,-0.2033
427,39,-0.323333333
427,40,-0.86
427,41,-1.406666667
427,42,-1.42
427,43,-0.816666667
427,44,-0.93
427,45,-0.94
427,46,NaN
427,47,-0.296666667
427,48,-0.24
427,49,-0.156666667
427,50,0.686666667
428,39,-0.223333332999999
428,40,-1.45
428,41,-1.786666667
428,42,-0.339999999999999
428,43,-0.456666667
428,44,-0.97
428,45,-0.0899999999999999
428,46,-0.0233333330000001
428,47,-0.366666667
428,49,0.0633333329999997
428,51,0.796666667
428,52,1.11
428,53,1.096666667
428,54,-0.833333333
428,55,-1.483333333
428,56,-1.06
428,57,-0.800000000000001
428,58,-0.7
428,59,0.396666667
428,60,-0.163333333
428,61,-0.52
428,62,-0.423333333
428,63,-0.463333333
428,64,-0.73
428,65,-0.756666666999999
428,66,-0.753333333
428,67,-0.846666667
428,68,-0.946666667000001
428,69,-0.633333333
428,70,0.333333333
428,71,0.21
428,72,0.653333333
428,73,0.619999999999999
428,74,0.503333333
428,75,0.126666667
428,76,-0.603333333
428,77,-1.153333333
428,78,-2.34
428,79,-1.52
428,80,-2.013333333
428,81,-1.71
428,82,-0.966666667
428,83,-0.406666667
428,84,-0.936666667
428,85,-0.823333333
428,86,-0.56
428,87,-0.81
428,88,-0.623333333
428,89,-0.333333333
428,90,-0.0933333329999999
428,91,0.056666667
428,92,0.476666667
428,94,-0.0666666670000002
428,95,0.27
428,96,0.326666667
428,97,0.333333333000001
428,98,0.123333333
428,99,0.216666666999999
428,100,-0.0466666670000002
428,101,0.0833333329999997
428,102,-0.0533333330000003
428,103,-0.741666667
428,105,-2.966666667
428,106,-2.763333333
428,108,-1.013333333
428,109,-1.856666667
428,110,-0.786666667
428,111,0.126666667
428,112,-0.253333333
428,114,-0.123333333
428,115,-0.133333333
428,116,-0.153333333
428,117,-0.163333333
428,118,-0.333333333
428,119,-0.336666667
428,123,0.113333333
428,124,0.019666667
428,125,-0.00333333299999999
428,126,-0.07
428,127,-0.186666667
428,129,-0.123333333
428,130,-0.026666667
428,131,-0.033333333
428,132,-0.026666667
428,133,-0.023333333
428,134,-0.05
428,135,-0.117
428,136,-0.296666667
428,137,-0.283333333
428,138,-0.333333333
428,146,0.35
428,147,0.3
428,148,0.123966667
428,149,-0.118433333
428,150,-0.2571
429,39,-0.593333332999999
429,40,-0.97
429,41,-1.596666667
429,42,-1
429,43,-0.956666667
429,44,-1.19
429,45,-0.5
429,46,-0.493333333
429,47,-0.146666667
429,48,0.11
429,49,0.113333333
429,50,0.826666667
429,51,1.126666667
429,52,1.46
429,53,1.496666667
429,55,-1.573333333
429,56,-0.32
429,57,-0.54
429,58,-0.31
429,60,-0.173333333
429,61,-0.0600000000000005
429,62,0.0366666670000004
429,63,-0.0333333329999999
429,64,-0.37
429,65,-0.096666667
429,66,-0.483333333
429,67,-0.216666667
429,68,-0.756666667
429,69,-0.603333333
429,70,0.843333333
429,71,0.19
429,72,0.563333332999999
429,74,0.283333333
429,75,-0.403333333
429,79,-1.55
429,80,-1.373333333
429,81,-1.46
429,82,0.233333333
429,83,-0.236666667
429,84,-0.816666667
429,85,-0.723333333
429,86,-0.27
429,87,-0.31
429,88,-0.303333333
429,89,-0.433333333
429,90,-0.293333333
429,91,0.126666667
429,92,0.386666667
429,93,0.406666667
429,94,0.593333333
429,95,0.38
429,97,0.563333333
429,98,0.373333333
429,99,0.396666667
429,100,-0.0466666670000002
429,101,0.0633333330000001
429,102,-0.113333333
429,104,-1.42
429,105,-2.776666667
429,106,-1.993333333
429,108,-1.203333333
429,110,-0.336666667
429,130,-0.093666667
429,131,-0.127333333
429,132,-0.124666667
429,134,-0.132
429,135,-0.268
429,136,-0.232666667
429,138,-0.547333333
429,140,-0.146
429,142,0.1683
429,143,0.150166667
429,144,-0.0875333330000001
429,146,0.4442
429,148,-0.0291333330000003
429,150,-0.2553
431,39,0.176666667
431,40,-0.86
431,42,-0.82
431,44,-0.63
431,45,-0.44
431,46,-0.283333333
431,47,-0.096666667
431,48,0.0600000000000001
431,49,0.243333333
431,50,0.786666667
431,51,1.076666667
431,52,0.78
431,54,-0.203333333
431,55,-0.633333333
431,57,0.0299999999999994
431,58,0.27
431,59,0.396666667
431,60,0.326666667
431,61,0.0599999999999996
431,62,0.246666667
431,63,0.0466666670000002
431,64,-0.31
431,66,-0.0733333329999999
431,67,-0.276666667
431,68,-0.836666667
431,70,0.903333333
431,71,0.25
431,72,0.543333333
431,74,0.983333332999999
431,75,0.216666667
431,76,-0.383333333
431,77,-1.183333333
431,78,-2.34
431,79,-1.38
431,80,-1.243333333
431,81,-0.98
431,83,-0.306666667
431,84,-0.966666667
431,86,-0.18
431,87,-0.35
431,88,-0.453333333
431,90,-0.0433333330000001
431,91,0.476666667
431,95,-0.0230000000000001
431,96,0.466666667
431,97,0.453333333
431,98,0.353333333
431,99,0.346666667
431,100,0.133333333
431,102,-0.0133333330000003
431,103,-0.646666667
431,104,-1.56
431,105,-2.696666667
431,106,-2.293333333
431,107,-0.966666667
431,108,-1.543333333
431,109,-2.016666667
431,110,-0.786666667
431,111,-0.723333333
431,112,-0.313333333
431,116,-0.103333333
431,118,-0.463333333
431,120,-0.186666667
431,121,NaN
431,122,-0.073333333
431,123,-0.056666667
431,124,-0.00333333299999999
431,125,-0.073333333
432,39,-0.123333333
432,40,-0.96
432,41,-1.806666667
432,42,-0.57
432,43,-0.116666667
432,44,-0.33
432,45,-0.0899999999999999
432,46,0.466666667
432,47,0.503333333
432,48,0.56
432,49,0.643333333
432,50,0.886666667
432,51,0.876666667
432,52,0.78
432,53,0.736666667
433,39,-0.713333333
433,40,-1.26
433,41,-1.706666667
433,42,-1.22
433,43,-0.716666667
433,44,-0.56
433,45,-0.41
433,46,-0.133333333
433,47,0.00333333300000005
433,48,0.29
433,49,0.303333333
433,50,0.836666667
433,51,1.246666667
433,52,1.28
433,53,1.236666667
433,54,0.0466666670000002
433,55,-1.313333333
433,56,-0.9
433,57,-0.220000000000001
433,58,0.0199999999999996
433,59,0.456666667
433,60,0.0766666669999996
433,61,0.279999999999999
433,62,0.00666666700000018
433,63,0.266666667
433,64,-0.34
433,65,0.0533333330000003
433,66,-0.293333333
433,67,-0.306666667
433,68,-0.746666667
433,69,-0.843333333
433,70,0.383333332999999
433,71,0.4
433,72,0.643333332999999
433,74,0.763333332999999
433,75,0.176666667
433,76,-0.383333333
433,77,-1.523333333
433,78,-2.63
433,79,-1.38
433,80,-1.643333333
433,81,-1.66
433,82,0.0133333330000001
433,83,-0.156666667
433,84,-0.726666667
433,85,-0.803333333
433,86,-0.15
433,87,-0.69
433,88,-0.373333333
433,89,0.116666667
433,90,0.026666667
433,91,0.086666667
433,92,0.506666667
433,93,0.216666667
433,94,-0.106666667
433,95,-0.12
433,96,-0.163333333
433,97,0.193333333
433,98,0.203333333
433,99,0.256666666999999
433,100,0.00333333299999961
433,101,-0.316666667
433,103,-0.676666667
433,105,-2.796666667
433,110,-0.216666667
433,112,-0.293333333
433,113,-0.233333333
433,121,-0.033333333
433,122,0.081666667
433,123,0.00333333299999999
433,124,0.076666667
433,125,-0.013333333
433,126,0.03
433,127,-0.040666667
433,128,-0.016666667
433,129,-0.003333333
433,130,0.005133333
433,131,-0.063333333
433,132,-0.038566667
433,133,-0.033333333
433,134,-0.04
433,135,0.01
433,136,-0.201066667
433,137,-0.146733333
433,138,-0.078333333
433,139,-0.120033333
433,140,-0.2067
433,141,-0.0467000000000001
433,142,0.2435
433,143,0.176666667
433,144,-0.0933333330000001
433,145,0.25
433,146,0.23
433,147,0.24
433,148,0.276666667
433,149,-0.163333333
433,150,-0.58
434,39,-0.723333332999999
434,40,-1.16
434,41,-2.006666667
434,43,-1.316666667
434,44,-1.23
434,45,-0.84
434,46,-1.033333333
434,47,-0.496666667
434,48,-0.54
434,50,0.386666667
434,52,0.98
434,53,0.536666667
437,40,-1.26
437,42,-0.62
437,43,-1.416666667
437,44,-1.73
437,46,-0.233333333
437,49,-0.456666667
437,51,0.876666667
437,52,0.78
437,53,0.536666667
437,54,-1.103333333
439,41,-2.106666667
439,42,-1.82
439,43,-1.016666667
439,44,-0.93
439,45,NaN
439,46,NaN
439,47,NaN
439,48,NaN
439,49,NaN
439,50,NaN
439,51,0.976666667
439,52,0.58
439,53,0.736666667
439,54,-0.903333333
439,55,-1.633333333
439,57,-0.77
439,58,-0.33
439,59,0.096666667
439,60,0.176666667
439,61,-0.44
439,62,-0.453333333
439,63,-0.353333333
439,64,-0.31
439,65,-0.446666667
439,66,-0.273333333
439,68,-1.346666667
439,69,-0.893333333
439,71,-0.0499999999999998
439,72,0.643333332999999
439,74,0.713333333
439,76,-0.583333333
439,78,-2.34
439,79,-1.73
439,81,-1.43
439,83,-0.476666667
439,84,-0.916666667
439,85,-0.863333333
439,86,-0.26
439,87,-0.55
439,88,-0.453333333
439,104,-1.74
440,41,-1.606666667
440,42,-1.18
440,43,-0.866666667
440,44,-1.13
440,45,-0.49
440,46,-0.283333333
440,47,0.00333333300000005
440,48,-0.04
440,49,-0.016666667
440,50,0.536666667
440,51,0.976666667
440,52,0.87
442,46,0.136666667
442,47,-0.196666667
442,48,0.38
442,49,0.283333333
442,50,0.856666667
442,51,1.116666667
442,52,0.63
442,53,0.976666667
442,54,-0.133333333
442,55,-0.903333333
442,56,-0.29
442,57,0.0499999999999998
442,58,0.13
442,59,0.696666667
442,60,0.296666667
442,61,0.34
442,63,-0.0333333329999999
442,65,-0.196666667
442,66,-0.0733333329999999
442,67,-0.156666667000001
446,48,-0.24
446,50,0.486666667
446,51,0.876666667
446,52,0.180000000000001
446,53,0.636666667
446,54,-0.503333333
446,55,-1.133333333
446,56,-0.74
446,57,-0.470000000000001
446,58,0.119999999999999
446,59,0.396666667
446,60,-0.123333333
446,61,0.0599999999999996
446,62,0.146666667
446,63,0.0466666670000002
446,64,-0.41
446,65,-0.0466666669999993
446,67,-0.176666667
446,68,-0.846666667
446,69,-0.293333333000001
446,70,1.053333333
446,71,0.65
446,72,0.443333333
446,73,0.42
446,74,0.513333332999999
446,76,-0.683333333
446,77,-1.583333333
446,78,-2.34
446,79,-1.13
446,80,-1.893333333
446,82,-0.386666667
446,83,-0.656666667
446,84,-1.066666667
446,85,-0.543333333
446,86,-0.66
446,87,-0.47
446,88,-0.283333333
446,89,0.016666667
446,91,0.586666667
446,92,0.506666667
446,93,0.436666667
446,94,0.563333333
446,95,0.16
446,96,0.0266666670000002
446,97,0.293333333000001
446,98,0.203333333
446,99,0.406666667
446,100,0.00333333299999961
446,101,-0.166666667
446,102,-0.363333333
446,103,-0.596666667
446,104,-1.51
446,105,-2.856666667
446,106,-2.223333333
446,107,-0.406666667
446,108,-0.853333333
446,109,-1.486666667
446,110,-0.426666667
446,111,-0.143333333
446,112,-0.203333333
446,113,-0.153333333
446,114,-0.103333333
446,115,-0.043333333
446,116,-0.113333333
446,117,-0.173333333
446,118,-0.103333333
446,119,-0.126666667
446,120,-0.136666667
446,121,-0.083333333
446,122,0.036666667
446,123,0.00333333299999999
446,124,-0.063333333
446,125,-0.113333333
446,126,-0.0783
446,127,-0.059966667
446,128,-0.006666667
446,129,-0.001733333
446,130,-0.017366667
446,131,-0.039433333
446,132,-0.016366667
446,133,-0.003733333
446,134,-0.0073
446,140,-0.245
446,141,-0.135
446,142,0.1404
446,143,0.083566667
446,144,-0.118333333
446,146,0.24
446,147,0.19
446,148,-0.0213333330000003
448,48,-0.39
448,49,-0.256666667
448,50,0.386666667
448,51,0.726666667
448,52,0.53
448,53,NaN
448,54,NaN
448,55,NaN
448,56,-1.24
448,57,-1.32
448,58,0.17
448,85,-0.593333333
448,86,-0.66
448,88,-0.333333333
448,89,-0.083333333
448,90,-0.0733333329999999
448,91,0.286666667
448,92,0.00666666700000018
448,93,-0.383333333
448,94,0.363333333
448,95,0.16
448,96,0.076666667
448,97,0.193333333
448,98,0.203333333
448,99,0.156666667
448,100,0.253333333
448,101,-0.116666667
448,102,-0.0633333330000001
448,103,-0.346666667
448,106,-1.623333333
448,107,-0.856666667
450,49,-0.256666667
450,50,0.686666667
450,52,0.73
450,54,-0.603333333
450,55,-1.083333333
450,56,-0.59
450,57,-0.470000000000001
450,58,0.17
450,59,NaN
450,62,0.0466666670000002
450,63,0.096666667
451,50,0.386666667
451,51,0.676666667
451,52,1.23
451,53,0.936666667
451,55,-0.843333333
451,56,-0.84
451,57,-0.87
451,58,-0.180000000000001
451,60,-0.0233333330000001
451,61,-0.04
451,65,0.0533333330000003
452,52,0.38
452,53,1.436666667
452,54,0.296666667
452,55,-0.433333333
452,56,-0.74
452,57,-0.67
452,58,-0.380000000000001
452,59,0.896666667
452,60,NaN
452,62,NaN
452,63,0.246666667
452,64,0.0899999999999999
452,65,-0.056666667
452,66,-0.253333333
452,67,-0.676666667
452,68,-0.246666667
452,69,-0.793333333000001
452,70,-0.0666666669999998
456,54,-0.903333333
456,55,-1.633333333
456,56,-1.54
456,57,-0.77
456,58,NaN
456,59,NaN
456,60,-1.023333333
456,61,-0.94
456,62,NaN
456,63,NaN
456,64,NaN
456,66,-0.423333333
456,67,-0.476666667
456,68,NaN
456,69,NaN
456,70,NaN
456,71,NaN
456,72,NaN
456,73,NaN
456,74,NaN
456,75,0.266666667
456,76,-0.733333333
456,77,NaN
456,78,NaN
456,79,NaN
456,80,-1.293333333
456,81,NaN
456,82,NaN
456,84,NaN
456,85,NaN
456,87,-0.22
456,88,0.016666667
456,90,0.076666667
456,91,0.486666667
456,92,-0.0933333329999999
456,93,NaN
456,94,NaN
456,95,NaN
456,96,-0.173333333
456,97,NaN
456,98,NaN
456,99,NaN
456,100,NaN
456,103,0.103333333
456,104,-0.86
456,105,-3.106666667
456,106,-1.973333333
456,113,-0.143333333
456,114,-0.00333333299999999
456,115,0.106666667
456,116,0.036666667
456,118,-0.053333333
456,119,-0.176666667
456,121,-0.033333333
456,122,NaN
456,123,0.103333333
456,125,0.086666667
456,127,-0.016666667
456,129,-0.003333333
456,135,-0.335
456,136,-0.501666667
456,137,NaN
456,138,-0.618333333
456,139,-0.478333333
456,140,-0.345
456,141,0.0649999999999999
456,142,0.09
456,143,0.0116666670000001
456,144,-0.068333333
456,145,0.0350000000000001
456,146,0.0650000000000002
456,147,NaN
456,149,-0.138333333
458,56,-0.59
458,57,-1.22
458,59,-0.153333333
458,61,-0.44
458,62,-0.453333333
458,63,-0.703333333
458,64,-0.51
458,65,-0.496666667
458,66,-0.823333333
458,67,-0.426666667
458,69,-0.743333333000001
458,70,-0.0466666670000002
458,71,-0.0999999999999996
458,72,0.293333333
458,74,0.213333333
458,76,-0.283333333
462,56,-0.59
462,57,-0.37
462,58,-0.45
462,59,NaN
462,60,0.0666666669999998
462,61,-0.31
462,62,-0.263333332999999
462,64,-0.56
462,65,-0.316666667
462,66,-0.283333333
462,67,0.0633333330000001
462,68,-0.706666667
462,70,0.413333333
462,71,0.21
463,56,-0.34
463,57,-1.27
463,58,-0.680000000000001
463,59,0.296666667
463,60,0.0766666669999996
463,61,-0.04
463,62,-0.303333332999999
463,63,-0.253333333
463,64,-0.66
463,65,-0.446666667
463,66,-0.423333333
463,67,-0.626666667
463,68,-1.146666667
463,69,-0.793333333000001
463,70,0.253333333
463,71,0.300000000000001
463,72,1.143333333
463,73,0.52
463,74,0.613333333
463,75,0.166666667
463,76,-0.183333333
463,77,-1.233333333
463,78,-2.44
463,79,-1.23
463,80,-1.343333333
463,81,-1.63
463,82,-0.636666667
463,83,-0.656666667
463,84,-1.116666667
463,85,-0.593333333
463,86,-0.66
463,87,-0.37
463,88,-0.333333333
463,90,-0.173333333
463,91,0.086666667
463,92,0.826666667
463,95,0.0600000000000001
463,96,-0.273333333
463,97,0.143333333
463,98,0.453333333
463,99,0.156666667
463,100,0.103333333
463,101,-0.136666667
463,102,-0.463333333
463,103,-1.046666667
463,104,-2.11
463,105,-3.206666667
463,106,-2.663333333
463,107,-1.156666667
463,108,-1.853333333
463,109,-2.296666667
463,110,-0.826666667
463,111,-0.143333333
463,112,-0.293333333
463,113,-0.243333333
463,114,-0.203333333
463,115,-0.113333333
463,116,-0.263333333
463,117,-0.073333333
463,118,-0.103333333
463,120,-0.136666667
463,121,-0.133333333
463,122,0.036666667
463,124,-0.063333333
463,125,-0.063333333
463,126,-0.1
463,127,-0.066666667
463,128,-0.026666667
463,129,-0.085133333
463,130,-0.036666667
463,131,-0.093333333
463,132,-0.126666667
463,133,-0.173333333
463,136,-0.971666667
463,137,-0.514333333
463,138,-0.010333333
463,140,-0.27
463,141,0.0324
463,142,0.09
463,143,0.076666667
463,144,-0.0933333330000001
463,145,0.0900000000000001
463,150,-0.5
464,56,-1.19
464,57,NaN
464,58,-0.380000000000001
464,61,-0.44
464,63,-0.553333332999999
464,65,-0.846666667
464,66,-0.523333333
464,67,-0.0766666670000005
464,70,1.053333333
464,71,0.0500000000000007
464,72,0.393333332999999
464,73,0.0199999999999996
464,75,0.316666667
464,77,-1.433333333
465,58,0.319999999999999
465,59,1.096666667
465,60,-0.223333333
465,61,0.159999999999999
465,62,0.296666667
465,63,0.246666667
465,64,-0.0300000000000002
465,65,-0.346666667
465,66,0.226666667
465,67,0.0733333329999999
465,69,-0.343333333
465,71,0.350000000000001
465,72,0.443333333
465,73,0.67
465,74,0.463333333
465,75,0.116666667
465,76,-0.283333333
465,78,-2.24
465,79,-1.48
465,80,-1.843333333
465,81,-1.6
465,83,-0.856666667
465,84,-1.016666667
465,85,-0.593333333
465,86,-0.21
465,87,-0.62
466,56,-0.390000000000001
466,57,-0.970000000000001
466,60,-0.673333333
466,63,-0.153333333
466,64,-0.91
466,65,-0.846666667
466,66,-0.623333333
466,69,-1.093333333
466,70,-0.196666667000001
466,71,0.0500000000000007
466,73,0.47
466,74,0.113333333
469,56,-0.24
469,57,-0.470000000000001
469,58,0.119999999999999
469,59,0.396666667
469,60,-0.223333333
469,61,-0.24
469,62,-0.103333333
469,63,-0.0533333329999994
469,64,-0.26
469,65,-0.096666667
469,66,-0.0933333330000004
469,67,-0.296666667
469,69,-0.593333333
469,70,-0.246666667
469,71,-0.149999999999999
469,72,0.143333332999999
469,73,0.319999999999999
469,74,0.963333333
469,75,0.216666667
469,76,-0.183333333
470,57,NaN
470,60,0.0266666669999998
470,61,-0.44
470,64,-0.91
470,65,-0.846666667
470,66,-0.523333333
470,67,-0.276666667
470,69,-0.643333333
470,70,0.143333333
470,72,0.643333332999999
470,73,0.649999999999999
470,74,NaN
470,75,NaN
471,56,-0.640000000000001
471,57,-0.57
471,58,-0.0800000000000001
471,59,0.496666667
471,60,-0.443333333
471,61,-0.49
471,62,-0.373333333
471,63,-0.483333333
471,64,-0.51
471,65,-0.326666667
471,66,-0.323333333
472,56,-0.5
472,57,-0.59
472,58,0.23
472,59,0.606666667
472,60,0.246666667
472,61,-0.0100000000000007
472,62,0.746666667
472,63,-0.523333333
472,64,-0.45
472,65,-0.106666667
472,66,0.0866666670000003
472,67,-0.266666667
472,68,-1.016666667
472,69,-0.853333333
472,70,0.133333332999999
472,71,0.130000000000001
472,72,0.633333332999999
472,73,1.08
472,74,1.273333333
472,75,0.336666667
472,76,-0.103333333
472,77,-1.133333333
472,79,-1.68
472,80,-1.943333333
472,82,-0.416666667
472,84,-1.436666667
472,86,-0.34
472,90,-0.423333333
472,92,-0.543333333
472,94,0.163333333
472,95,0.048
472,96,-0.0783333329999998
472,97,0.421333333
472,98,0.531333333
472,99,0.220666667
472,100,0.0406333329999997
472,101,0.136133333
472,102,0.176666667
472,103,-0.429266666999999
472,104,-0.98
472,105,-1.996666667
472,106,-2.023333333
472,107,-0.524766667
472,108,-1.586633333
472,109,-2.064966667
472,110,-0.526666667
472,111,-0.404533333
472,112,-0.646333333
472,113,-0.556633333
472,114,-0.430033333
472,115,0.106666667
472,116,-0.013333333
472,117,-0.033333333
472,118,-0.103333333
472,120,-0.114466667
472,121,0.026666667
472,122,0.046666667
472,123,0.093333333
472,125,-0.00333333299999999
472,126,-0.05
472,127,-0.036666667
472,138,-0.343333333
472,139,-0.663333333
472,140,0.16
472,141,-0.02
472,142,-0.27
472,143,-0.0533333330000001
472,145,0.13
472,146,0.3
472,147,0.21
472,148,0.306666667
472,149,0.116666667
472,150,-0.65
475,56,-0.49
475,57,-0.32
475,58,-0.100000000000001
475,59,0.496666667
475,60,-0.0233333330000001
475,61,-0.44
475,62,-0.203333333
475,63,-0.423333333
475,64,-0.51
475,65,-0.246666667
475,66,-0.0233333330000001
475,67,-0.176666667
475,68,-0.936666667000001
475,69,-0.623333333000001
475,71,0.0700000000000003
475,72,0.443333333
475,73,0.649999999999999
475,74,0.633333332999999
475,76,-0.483333333
475,77,-0.933333333
475,78,-2.34
475,79,-0.93
481,56,-0.84
481,57,-0.82
481,58,-0.680000000000001
481,59,0.096666667
481,60,-0.163333333
481,62,-0.503333333
481,63,-0.453333333
481,64,-0.71
481,65,-0.796666666999999
481,66,-0.273333333
481,67,-0.576666667
481,68,-1.046666667
481,69,-0.643333333
481,70,0.353333333
481,71,0.5
481,74,0.513333332999999
481,75,0.116666667
483,56,-1.51
483,57,-0.94
483,60,-0.343333333
483,61,0.0299999999999994
483,64,-0.31
483,65,-0.196666667
483,66,-0.673333333
483,68,-1.146666667
483,69,-0.543333333000001
483,71,0.300000000000001
483,74,0.193333333
483,76,-0.483333333
483,78,-2.59
483,79,-0.83
483,81,-0.78
483,83,0.143333333
483,84,-0.366666667
483,85,-0.293333333
483,87,-0.52
483,88,-0.243333333
483,89,-0.243333333
483,91,0.176666667
483,92,0.446666667
483,93,0.729666667
483,94,0.456333333
483,95,0.203
483,96,0.319666667
483,97,0.0863333329999998
483,98,-0.0836666670000001
483,99,-0.166333333000001
483,100,-0.544966667
483,101,-0.716666667
483,102,-0.503333333
483,103,-0.696666667
483,104,-1.7767
483,105,-3.106666667
483,106,-2.523333333
483,107,-0.256666667
483,108,-1.053333333
483,109,-0.986666667
483,110,-0.126666667
483,111,-0.393333333
483,112,-0.393333333
483,113,-0.313333333
483,114,-0.273333333
483,115,-0.513333333
483,116,-0.433333333
483,117,0.076666667
483,118,-0.003333333
483,119,-0.116666667
483,120,-0.056666667
483,121,-0.00333333300000001
483,122,0.016666667
483,123,0.033333333
483,124,0.016666667
483,125,0.016666667
483,126,-0.05
484,56,-0.24
484,58,-0.33
484,59,-0.103333333
484,60,-0.0233333330000001
484,62,-0.453333333
484,63,-0.233333333
484,64,-0.26
484,65,-0.096666667
484,66,-0.283333333
484,67,-0.0766666670000005
484,68,-0.846666667
484,69,-0.773333333
484,70,-0.396666667
484,71,0.100000000000001
484,72,0.293333333
484,73,0.72
484,74,0.863333333
484,75,0.766666667
484,76,0.396666667
484,77,NaN
484,79,-2.41
484,80,-3.063333333
484,81,-2.06
484,83,-0.246666667
484,84,-0.586666667
484,85,-0.963333333
484,87,-0.49
484,88,-0.373333333
484,89,-0.283333333
484,90,-0.173333333
484,91,0.536666667
484,93,0.986666667
484,94,0.663333333
484,95,0.71
484,97,0.773333333
484,98,0.903333333
484,99,0.496666667
484,100,0.103333333
484,101,0.133333333
484,102,-0.0633333330000001
484,103,-0.546666666999999
484,104,-1.55
484,105,-3.026666667
484,106,-2.573333333
484,107,-1.256666667
484,108,-2.203333333
484,109,-2.986666667
484,110,-0.476666667
484,111,-0.543333333
484,112,-0.543333333
484,114,-0.103333333
484,115,-0.093333333
484,116,-0.263333333
484,117,-0.223333333
484,118,-0.153333333
484,119,-0.426666667
484,120,-0.436666667
484,121,-0.333333333
484,123,0.043333333
484,124,-0.013333333
484,125,-0.013333333
484,126,-0.07
484,127,-0.056666667
484,128,-0.036666667
484,129,-0.063333333
484,131,-0.093333333
484,132,-0.036666667
484,133,-0.033333333
484,134,-0.02
484,136,-0.076666667
484,137,0.206666667
484,138,0.176666667
484,139,-0.053333333
484,140,0.06
484,141,0.24
484,142,0.54
484,143,0.236666667
484,144,0.206666667
484,145,0.41
484,146,0.49
484,147,0.34
484,148,0.216666667
484,149,0.036666667
484,150,-0.15
485,56,-1.24
485,57,-0.57
485,58,0.27
485,59,0.596666667
485,60,0.676666667
485,61,-0.19
485,62,0.0466666670000002
485,63,0.0466666670000002
485,64,-1.16
485,65,-0.446666667
485,66,-0.523333333
485,67,0.0733333329999999
485,68,-1.696666667
485,70,0.453333333
485,77,-1.483333333
485,78,-1.59
485,79,-1.08
485,80,-1.843333333
485,81,-1.28
485,82,0.713333333
485,83,0.893333333
485,84,-1.166666667
485,86,0.04
485,87,-0.07
485,88,-0.083333333
485,89,0.166666667
485,90,0.126666667
485,91,0.486666667
486,56,-1.04
486,57,-0.67
486,58,-0.180000000000001
486,61,-0.640000000000001
486,62,-0.353333333
486,64,-0.56
486,66,-0.423333333
486,67,-0.476666667
486,68,-0.996666667
486,74,0.463333333
486,75,-0.383333333
486,76,-0.883333333
488,56,-0.44
488,57,-0.17
488,58,0.0199999999999996
488,59,0.496666667
488,60,-0.323333333
488,61,-0.340000000000001
488,62,-0.153333333
488,63,-0.153333333
488,64,-0.61
488,65,-0.346666667
488,66,-0.523333333
488,67,-0.376666667
488,69,-0.793333333000001
488,71,0.15
488,73,0.52
488,74,0.513333332999999
488,78,-2.74
488,81,-1.68
488,82,0.0133333330000001
497,69,-0.563333333
497,70,0.403333333
497,71,0.25
497,73,0.64
497,76,-0.593333333
497,77,-1.023333333
497,78,-2.54
497,79,-1.63
497,80,-1.593333333
497,82,-0.216666667
497,84,NaN
497,85,-0.733333333
497,86,-0.24
497,87,-0.3
497,90,0.106666667
497,91,0.066666667
497,92,0.417666667
497,93,0.366666667
497,94,0.408333333
497,95,0.183
497,97,0.318333333
497,98,0.0243333329999995
497,99,0.616666667
497,100,-0.0776666669999999
497,101,0.0395333329999996
497,102,-0.0148333330000003
497,103,-0.624566667
497,104,-1.4104
497,105,-2.458766667
497,109,-2.390466667
497,110,-0.523866667
498,70,0.753333333
498,71,0.300000000000001
498,72,0.593333332999999
498,73,0.869999999999999
498,74,0.813333332999999
498,75,0.316666667
498,76,-0.0833333329999997
498,77,-0.833333333000001
498,78,-2.44
498,79,-1.23
498,80,-1.343333333
498,81,-1.58
498,82,0.163333333
498,83,-0.256666667
498,85,-0.743333333
498,86,-0.21
498,87,-0.32
498,89,NaN
498,90,NaN
498,92,NaN
498,93,NaN
498,94,NaN
498,95,NaN
498,99,1.056666667
498,102,0.286666667
498,104,-0.81
498,106,-1.773333333
498,107,0.393333333
498,112,-0.293333333
498,113,-0.143333333
498,114,-0.053333333
498,115,-0.043333333
498,116,-0.363333333
498,117,-0.023333333
498,118,-0.103333333
498,119,-0.126666667
498,120,NaN
498,121,-0.033333333
498,122,0.036666667
499,72,0.243333333
499,73,0.819999999999999
499,74,0.413333333
499,75,-0.233333333
499,77,-1.483333333
499,78,-2.89
499,79,-1.58
499,80,-1.593333333
499,81,-1.41
499,82,-0.236666667
499,83,-0.156666667
500,73,0.22
500,74,-0.316666667000001
500,75,-0.213333333
500,76,-0.753333333
500,77,NaN
500,78,-2.66
500,79,-1.66
500,80,-1.943333333
500,81,-1.53
500,83,-0.566666667
500,84,-0.706666667
500,85,-0.783333333
500,86,-0.18
500,87,-0.35
500,88,-0.453333333
502,72,0.443333333
502,73,1.02
502,74,NaN
502,76,-0.383333333
502,77,-1.383333333
502,78,-2.44
502,79,-1.33
502,80,-1.693333333
502,81,-1.48
502,83,-0.656666667
502,84,-1.166666667
502,85,-0.843333333
502,87,-0.67
502,89,-0.183333333
502,91,0.286666667
502,95,0.36
504,72,0.543333333
504,73,0.52
504,74,0.813333332999999
504,75,NaN
504,77,NaN
504,78,NaN
504,79,NaN
504,80,NaN
504,81,NaN
504,82,NaN
504,84,NaN
504,85,NaN
504,86,NaN
504,87,NaN
504,88,NaN
504,89,NaN
504,90,NaN
504,91,NaN
504,92,NaN
504,93,-0.363333333
504,94,-0.486666667
504,95,-0.44
504,96,0.0266666670000002
504,97,0.343333333
504,98,0.653333333
504,99,NaN
504,100,NaN
504,101,NaN
504,102,-0.606033333
504,103,-0.789366666999999
504,105,-2.776666667
504,106,-1.443333333
504,107,-1.076666667
504,108,-1.273333333
504,109,-1.356666667
504,110,-0.396666667
504,111,-0.078333333
504,112,-0.153333333
504,113,-0.083333333
504,114,-0.118333333
504,115,0.096666667
504,116,-0.023333333
504,117,-0.178333333
504,118,-0.238333333
504,119,-0.191666667
504,120,-0.101666667
504,121,-0.028333333
504,122,0.066666667
504,123,0.083333333
504,124,0.016666667
504,125,-0.00333333299999999
504,126,-0.05
504,127,-0.016666667
504,128,-0.006666667
504,129,0.006666667
504,130,0.013333333
504,131,-0.043333333
504,132,-0.026666667
504,133,-0.013333333
504,134,0
504,135,0
504,136,-0.281666667
504,137,-0.154133333
504,138,-0.285633333
504,139,-0.479833333
504,140,-0.3262
504,141,-0.4162
504,142,0.0588
504,143,-0.245233333
504,144,-0.0933333330000001
504,145,0.26
504,146,0.03
504,147,-0.1
504,148,-0.163333333
504,149,-0.293333333
504,150,-0.765
506,72,0.643333332999999
506,73,0.52
506,74,0.783333333
506,75,0.466666667
506,76,-0.183333333
506,77,-1.583333333
506,78,-2.34
506,79,-1.33
506,80,-1.293333333
506,82,-0.286666667
506,86,-0.3
506,87,-0.57
506,88,-0.323333333
506,89,-0.123333333
506,90,0.106666667
506,91,0.386666667
506,92,0.636666667
506,93,0.506666667
506,94,0.343333333
506,95,0.24
506,96,-0.0633333330000001
506,97,0.133333333
506,98,0.117333332999999
506,99,0.326666667
506,100,-0.136666667
506,101,-0.366666667
506,102,-0.042033333
506,104,-1.4667
506,105,-2.866666667
506,108,-1.012033333
506,110,-0.663366667
506,111,-0.053333333
506,112,-0.253333333
506,114,-0.133333333
506,115,-0.353333333
506,116,-0.593333333
506,118,-0.163333333
506,119,-0.277866667
506,120,-0.396666667
506,122,0.023866667
506,123,0.043333333
506,124,-0.00623333299999999
506,126,-0.06
506,127,-0.048866667
506,128,-0.022266667
506,129,-0.043333333
506,130,-0.036366667
506,131,-0.032933333
506,132,-0.039666667
506,133,-0.059833333
506,134,-0.2714
506,135,-0.4628
506,136,-0.377766667
506,137,NaN
506,138,-0.447833333
506,139,-0.304133333
506,140,-0.2792
506,141,-0.03
506,142,0.2558
506,143,0.042266667
506,145,0.1748
507,72,0.343333332999999
507,73,0.619999999999999
507,74,0.713333333
507,75,0.216666667
507,76,-0.483333333
507,77,-1.183333333
507,79,-2.13
507,80,-2.673333333
507,81,-1.98
507,82,-0.286666667
507,83,-0.556666667
507,84,-1.146666667
507,85,-1.243333333
507,86,-0.96
507,87,-0.47
507,88,-0.363333333
507,89,-0.583333333
507,90,0.026666667
507,91,0.296666667
507,92,0.296666667
507,93,0.0696666669999999
507,94,0.180333333
507,95,0.177
507,97,0.139333333000001
507,99,0.156666667
507,100,-0.246666667
507,101,0.0833333329999997
507,102,-0.213333333
507,103,-0.746666667
507,104,-1.61
507,105,-3.006666667
507,106,-2.123333333
507,107,-0.756666667
507,108,-1.336633333
507,110,-0.459966667
507,111,-0.143333333
507,112,-0.193333333
507,114,-0.066633333
507,115,-0.010033333
507,116,-0.196633333
507,117,-0.063333333
507,118,-0.113333333
507,119,-0.159966667
507,120,-0.146666667
507,121,-0.013333333
507,122,-0.013333333
507,123,0.033333333
507,124,-0.00133333299999999
507,125,-0.013333333
507,126,-0.05
507,127,-0.051666667
507,128,-0.014666667
507,129,-0.003333333
507,130,-0.024166667
507,131,-0.053333333
507,133,-0.123333333
507,134,-0.13
507,135,-0.3425
507,136,-0.168366667
507,138,-0.283333333
507,139,-0.173333333
507,140,0.0299
507,141,-0.035
507,142,0.015
507,144,0.00666666699999996
507,145,0.185
507,146,0.4233
507,149,-0.0383333329999997
507,150,-0.35
508,72,0.263333332999999
508,73,0.39
508,74,0.393333332999999
508,75,0.416666667
508,76,-0.583333333
508,77,-1.183333333
508,78,NaN
508,79,-1.99
508,80,NaN
508,81,-1.87
508,82,-0.596666667
508,83,-0.836666667
508,84,-1.916666667
508,85,-1.233333333
508,86,-0.37
508,88,NaN
508,90,-0.163333333
508,92,0.305666667
508,93,0.337666667
508,94,0.360333333
508,95,-0.0680000000000001
508,96,0.220666667
508,97,0.353333333
508,98,0.269333333
508,99,-0.226333333
508,100,-0.0241666670000003
508,103,-0.420666667
508,104,-1.6239
508,105,-2.573166667
508,106,-2.395233333
508,107,-0.702466667
508,108,-2.028233333
508,110,-0.735666667
508,111,-0.385333333
508,112,-0.371633333
508,114,-0.253333333
508,115,-0.385033333
508,118,-0.222533333
508,119,-0.093666667
508,120,-0.307566667
508,122,-0.168033333
508,123,0.023333333
508,124,0.006666667
508,125,-0.013333333
508,128,-0.016666667
508,130,-0.125666667
508,131,-0.053333333
508,132,-0.056666667
508,133,-0.073333333
508,135,-0.26
508,137,-0.413333333
508,138,-0.305433333
508,139,-0.566433333
508,140,-0.1374
508,141,0.0254
508,142,0.1857
508,143,0.303266667
508,144,0.106666667
508,145,0.1571
508,146,0.4412
508,147,0.1315
508,148,0.145666667
508,149,-0.110033333
508,150,-0.3474
510,72,0.643333332999999
510,73,1.02
510,74,0.913333333
510,75,0.216666667
510,76,-0.183333333
510,77,-0.483333333
510,79,-1.13
510,80,-2.093333333
510,81,-2.28
510,83,-1.356666667
510,84,-2.466666667
510,86,-1.96
510,87,-1.27
510,89,-1.083333333
510,92,-0.993333333
510,93,-0.0633333330000001
510,94,-0.136666667
510,95,-0.04
510,96,0.226666667
510,97,0.393333333
510,98,0.703333333
510,99,0.506666666999999
510,100,0.153333333
510,101,0.0833333329999997
510,102,0.236666667
510,103,0.00333333300000049
510,104,-1.11
510,105,-1.956666667
510,106,-2.173333333
510,107,-0.756666667
510,108,-1.503333333
510,109,-1.586666667
510,110,-1.126666667
510,111,-0.343333333
510,112,-0.243333333
510,113,-0.193333333
510,114,-0.353333333
510,115,-0.323333333
510,116,-1.113333333
510,120,-0.836666667
510,121,-0.683333333
510,122,-0.053333333
510,123,-0.036666667
510,124,NaN
510,125,-0.023333333
510,126,-0.15
510,127,-0.096666667
510,128,-0.026666667
510,129,-0.143333333
510,130,-0.066666667
510,131,-0.133333333
510,132,-0.076666667
510,133,-0.223333333
510,134,-0.58
510,135,-0.96
510,136,-0.796666667
510,137,-0.713333333
510,138,-0.243333333
510,139,-0.103333333
510,140,-0.15
510,141,-0.16
510,142,-0.01
510,143,-0.163333333
510,144,-0.0933333330000001
510,145,-0.04
510,146,0.0900000000000001
510,147,0.22
510,148,0.416666667
510,149,0.186666667
510,150,-0.2
512,74,0.863333333
512,75,0.516666667
512,76,0.116666667
512,77,-0.683333333
512,78,-2.44
512,79,-1.33
512,80,-1.793333333
512,81,-2.28
512,82,-0.086666667
512,83,-1.106666667
512,84,-1.466666667
512,85,-0.543333333
512,86,-0.71
512,87,-0.37
512,88,-0.233333333
512,89,-0.283333333
512,90,0.026666667
512,91,0.436666667
512,92,0.456666667
512,93,0.786666667
512,95,-0.14
512,96,0.0266666670000002
512,97,0.0433333330000005
512,98,-0.096666667
512,99,-0.393333333
512,100,-0.596666667
512,101,-0.216666667
512,102,NaN
512,103,-0.896666667
512,104,-1.81
512,105,-2.906666667
512,106,-2.423333333
512,107,-0.266666667
512,108,-1.313333333
512,109,-1.746666667
512,110,-0.606666667
512,111,-0.143333333
512,112,-0.443333333
512,113,-0.643333333
512,124,0.036666667
512,126,-0.06
512,127,-0.126666667
512,128,-0.036666667
512,129,-0.043333333
512,130,-0.046666667
512,131,-0.093333333
512,132,-0.046666667
512,133,-0.063333333
512,134,-0.03
512,135,0.02
512,136,0.103333333
512,137,0.036666667
512,139,0.046666667
512,141,0.34
512,142,0.39
512,143,0.486666667
512,144,0.276666667
512,145,0.36
512,146,0.61
516,79,-0.93
516,80,-0.993333333
516,81,-1.38
516,82,-0.186666667
516,83,-0.456666667
516,84,-1.766666667
516,85,-0.943333333
516,86,-0.61
516,87,-0.52
516,88,-0.053333333
516,90,0.046666667
516,91,0.136666667
516,93,-0.0133333329999998
516,94,-0.186666667
516,95,-0.19
516,96,-0.123333333
516,97,0.193333333
516,98,0.103333333
516,99,-0.0933333330000004
516,100,-0.0716666669999997
516,101,-0.341666667
516,102,-0.163333333000001
516,103,-0.571666667
516,104,-1.51
516,105,-2.978266667
516,106,-2.173333333
516,107,-0.256666667
516,108,-1.453333333
516,109,-1.811666667
516,110,-0.126666667
516,111,0.056666667
516,112,-0.093333333
516,113,-0.093333333
516,114,0.046666667
516,115,0.056666667
516,116,-0.038333333
516,118,-0.153333333
516,119,-0.176666667
516,120,-0.186666667
516,121,-0.108333333
518,80,-1.373333333
518,81,-1.68
518,82,-0.186666667
518,83,-0.296666667
518,84,-0.906666667
518,85,-0.513333333
518,86,-0.22
518,88,-0.593333333
518,89,-0.113333333
518,90,0.036666667
518,91,0.296666667
518,92,0.663666667
518,93,0.531666667
518,94,0.388333333
518,95,0.27
518,96,-0.052333333
518,97,0.0643333330000004
518,98,-0.080666667
518,99,0.303666667
518,100,0.019533333
518,101,-0.109666667
518,103,-0.341866667
518,104,-1.0329
518,105,-2.221966667
518,106,-2.174033333
518,107,-0.615666667
518,109,-1.886666667
518,110,-1.065266667
518,111,-0.437433333
518,112,-0.199833333
518,113,-0.260233333
518,114,-0.104933333
518,115,-0.279133333
518,116,-0.745933333
518,117,-0.448533333
518,118,-0.210533333
518,119,-0.255566667
518,120,-0.314666667
518,121,0.019166667
518,122,-0.063033333
518,123,0.102833333
518,124,0.063266667
518,125,0.059166667
518,126,-0.0344
518,127,-0.022766667
518,128,-0.013466667
518,129,-0.003333333
518,130,-0.034366667
518,132,-0.024066667
518,133,-0.050733333
518,134,-0.0491
518,135,-0.3023
518,136,-0.077966667
518,137,-0.455633333
518,138,-0.118633333
518,139,-0.213333333
518,140,0.03
518,141,0.1704
518,142,0.247
518,143,0.256666667
518,144,0.179966667
518,145,0.1874
518,146,0.4679
518,147,0.2715
518,148,0.446366667
518,149,0.340466667
518,150,-0.1419
519,82,-0.386666667
519,83,-0.826666667
519,84,-1.426666667
519,85,-0.843333333
519,86,NaN
519,87,-0.57
519,88,-1.043333333
519,89,-0.283333333
519,90,-0.423333333
519,91,0.056666667
519,92,0.236666667
519,93,0.426666667
519,96,0.284666667
519,97,0.121333333
519,98,0.116333333
519,99,0.496666667
519,100,0.223333333
519,101,-0.0266666669999998
519,103,-0.636666667
519,104,-1.35
519,105,-2.766666667
519,106,-2.463333333
519,107,-0.366666667
519,108,-1.418533333
519,109,-1.886666667
519,110,-0.706666667
520,83,-0.926666667
520,84,-1.436666667
520,85,-1.343333333
520,86,-0.66
520,87,-0.73
520,88,-1.043333333
520,89,-0.283333333
520,91,0.386666667
520,92,0.406666667
520,93,0.436666667
520,94,0.163333333
520,95,-0.04
520,97,0.593333333
520,98,0.603333333
520,100,-0.296666667
520,101,-0.216666667
520,102,-0.163333333000001
520,103,-0.596666667
520,104,-1.51
520,106,-2.173333333
520,107,-0.906666667
520,108,-1.703333333
520,109,-1.886666667
520,110,-1.326666667
520,111,-0.343333333
520,112,-0.243333333
520,113,-0.293333333
520,114,-0.053333333
520,115,-0.343333333
520,116,-0.313333333
520,117,-0.123333333
520,118,-0.153333333
520,119,-0.196666667
520,120,-0.236666667
520,121,-0.133333333
520,122,-0.063333333
520,123,-0.046666667
520,124,-0.063333333
520,125,-0.063333333
520,126,-0.1
520,127,-0.116666667
520,128,-0.086666667
520,129,-0.153333333
520,130,-0.116666667
520,131,-0.073333333
520,132,-0.026666667
520,133,NaN
520,134,-0.13
520,135,-0.26
520,136,-0.476666667
520,137,-0.463333333
520,138,-0.243333333
520,139,-0.353333333
520,140,-0.17
520,141,-0.0600000000000001
521,83,NaN
521,84,-1.116666667
521,85,-0.443333333
521,86,-0.24
521,87,NaN
521,88,NaN
521,90,0.126666667
521,91,0.586666667
521,92,0.606666667
521,93,0.136666667
521,94,NaN
521,95,-0.14
521,96,0.0266666670000002
521,97,0.243333333
521,98,NaN
521,99,0.256666666999999
521,100,-0.346666667
521,101,-0.516666667
521,102,-0.563333333
521,103,-0.796666666999999
521,104,-1.74
521,105,-2.876666667
521,106,-2.073333333
521,107,-0.886666667
521,108,-1.403333333
521,109,-1.386666667
523,87,-0.66
523,88,-0.483333333
523,90,NaN
523,93,-0.863333333
523,94,0.613333333
523,97,1.013333333
523,98,0.803333333
523,101,-0.116666667
523,102,-0.573333333
523,107,-2.106666667
523,108,-2.203333333
523,109,-2.726666667
523,120,-1.086666667
523,123,0.083333333
523,136,-1.336666667
523,138,0.186666667
523,140,-1.36
523,141,-0.51
523,143,0.568666667
523,148,NaN
523,150,-0.0300000000000002
524,87,-0.67
524,89,-0.223333333
524,90,-0.423333333
524,91,-0.313333333
524,92,0.226666667
524,93,0.136666667
524,94,0.223333333
524,95,0.36
524,96,0.236666667
524,97,0.426333333
524,99,0.543666666999999
524,100,0.0733333329999999
524,101,0.106633333
524,102,-0.068733333
524,103,-0.613766666999999
524,104,-1.3067
524,105,-2.366666667
524,106,-2.640033333
524,107,-0.736666667
524,108,-1.258933333
524,110,-0.341066667
524,111,0.026666667
524,112,-0.133333333
524,113,-0.083333333
524,114,-0.023333333
524,115,-0.183333333
524,116,-0.383333333
524,118,-0.543333333
524,119,-0.476666667
524,120,-0.446666667
524,121,-0.033333333
524,122,0.006666667
524,123,0.023333333
524,124,-0.023333333
524,125,-0.023333333
524,126,-0.06
524,127,-0.059166667
524,128,-0.016666667
524,129,-0.033333333
524,130,-0.046666667
524,131,-0.073333333
524,132,-0.086666667
524,133,-0.043333333
524,134,-0.03
524,135,-0.5619
524,138,-0.712833333
524,139,-0.409433333
524,140,-0.3305
524,145,0.0132000000000001
524,146,0.3009
524,149,-0.109133333
526,89,-0.143333333
526,90,-0.0833333329999999
526,92,0.569666667
526,93,0.769666667
526,94,0.758333333
526,95,0.318
526,96,-0.0613333329999999
526,97,0.583333333
526,98,0.723333333
526,99,0.587666667
526,100,-0.347666667
526,101,-0.185966667
526,102,0.0533666669999997
526,103,-0.616366666999999
526,104,-1.309
526,105,-3.129366667
526,106,-1.916233333
526,107,-0.706366667
526,108,-1.150333333
526,109,-0.977666667
526,111,0.092466667
526,112,-0.002133333
526,118,-0.103333333
526,119,-0.116666667
526,120,-0.116666667
526,122,-0.020433333
526,125,-0.073333333
526,126,-0.11
526,127,-0.125666667
526,128,-0.095666667
526,130,-0.110666667
526,132,-0.014666667
526,133,-0.166333333
526,134,-0.1577
527,93,0.126666667
527,94,0.213333333
527,95,-0.14
527,96,-0.0233333330000001
527,97,0.0933333330000004
527,98,0.0533333329999994
527,99,0.306666667
527,100,-0.396666667
527,101,-0.0666666669999998
527,102,-0.163333333000001
527,103,-0.646666667
527,104,-1.06
527,105,-2.856666667
527,106,-1.823333333
527,107,-0.106666667
527,109,-1.686666667
527,110,-0.976666667
527,112,-0.143333333
527,113,-0.093333333
527,114,-0.153333333
527,115,-0.343333333
527,116,-0.563333333
527,117,-0.023333333
527,118,-0.103333333
527,119,-0.116666667
527,120,-0.186666667
527,121,0.016666667
527,122,0.026666667
527,123,0.073333333
527,124,0.006666667
527,125,-0.00333333299999999
527,126,-0.05
527,127,-0.046666667
527,128,-0.016666667
527,130,-0.046666667
527,131,-0.053333333
527,133,-0.003333333
527,134,-0.08
527,135,-0.06
527,136,-0.226666667
527,137,-0.363333333
527,139,-0.361333333
527,141,0.09
527,142,0.24
527,143,-0.0133333330000001
527,144,-0.0433333330000001
527,145,0.21
527,146,0.44
528,95,NaN
528,96,NaN
528,97,NaN
528,98,NaN
528,99,NaN
528,100,NaN
528,101,NaN
528,102,NaN
528,103,NaN
528,104,NaN
528,105,NaN
528,106,NaN
528,107,NaN
528,108,NaN
528,109,NaN
528,110,NaN
528,111,NaN
528,112,-0.310033333
528,113,-0.393333333
528,114,-0.580833333
528,115,-0.343333333
528,116,-0.813333333
528,117,-0.073333333
528,118,-0.103333333
528,119,-0.226666667
528,127,-0.076666667
528,128,0.00333333300000001
528,129,-0.043333333
528,137,-0.238333333
528,138,-0.518333333
528,139,-0.478333333
528,141,0.315
528,149,-0.134033333
528,150,-0.4681
532,96,-0.473333333
532,97,-0.106666667
532,98,0.303333332999999
532,99,0.206666666999999
532,100,0.00333333299999961
532,101,-0.816666667
532,102,-0.663333333000001
532,103,-0.996666667
532,104,-1.91
532,105,-3.256666667
532,106,-2.273333333
532,107,-0.906666667
532,108,-1.903333333
532,109,-2.086666667
532,110,-0.826666667
532,111,-0.043333333
532,114,-0.353333333
532,115,-0.643333333
532,116,-0.063333333
532,117,-0.073333333
532,118,-0.153333333
532,119,-0.176666667
532,120,-0.186666667
532,121,-0.133333333
532,122,-0.013333333
532,123,0.00333333299999999
532,124,-0.013333333
532,125,-0.013333333
532,126,-0.05
532,127,-0.066666667
532,128,-0.036666667
532,129,-0.053333333
532,130,-0.066666667
532,131,-0.073333333
532,132,-0.076666667
532,133,-0.073333333
532,136,-0.376666667
532,138,-0.443333333
532,139,-0.00333333299999999
532,140,-0.07
532,142,0.29
532,143,NaN
532,144,-0.0933333330000001
532,145,0.26
532,146,0.44
532,147,0.34
532,148,0.316666667
532,149,-0.0133333329999998
532,150,-0.4
533,96,0.326666667
533,97,0.393333333
533,98,0.203333333
533,99,0.506666666999999
533,101,0.283333333
533,103,-0.446666667
533,105,-2.456666667
533,109,-1.286666667
533,120,-0.086666667
533,125,0.076666667
533,132,-0.026666667
533,134,-0.08
533,136,-0.526666667
533,137,-0.363333333
533,138,-0.043333333
533,139,-0.053333333
533,140,0.08
533,147,0.19
535,96,-0.223333333
535,97,-0.0666666669999998
535,98,-0.256666667
535,99,-0.203333333000001
535,100,-0.496666667
535,101,-0.346666667
535,102,-0.263333333
535,103,-0.896666667
535,104,-1.95
535,105,-3.256666667
535,106,-2.573333333
535,107,-0.106666667
535,108,-1.503333333
535,109,-1.836666667
535,110,-0.676666667
535,111,-0.243333333
535,112,-0.323333333
535,113,-0.443333333
535,115,-1.643333333
535,116,-0.213333333
535,117,-0.103333333
535,118,-0.153333333
535,119,-0.216666667
535,120,-0.586666667
535,122,0.056666667
535,123,0.083333333
535,124,-0.00333333299999999
535,125,-0.033333333
535,127,-0.056666667
535,128,-0.016666667
535,130,-0.046666667
535,131,-0.073333333
535,132,-0.066666667
535,133,-0.073333333
535,134,-0.25
535,136,-0.376666667
535,137,-0.613333333
535,138,-0.683333333
535,139,-0.803333333
535,140,-0.27
535,141,-0.11
535,142,-0.11
535,143,-0.213333333
535,144,-0.213333333
535,145,0.0800000000000001
535,146,0.17
535,147,0.0700000000000001
535,148,0.0266666669999998
535,149,-0.113333333
535,150,-0.48
538,96,-0.383333333
538,97,-0.056666667
538,98,-0.146666667
538,100,-0.546666667
538,105,-2.906666667
538,110,-0.326666667
538,111,-0.343333333
538,112,-0.193333333
538,115,0.066666667
538,119,-0.116666667
539,96,-0.573333333
539,97,-0.106666667
539,98,-0.196666667000001
539,99,-0.0933333330000004
539,100,-0.596666667
539,101,-0.516666667
539,102,-0.563333333
539,103,-1.096666667
539,104,-2.01
539,106,-2.673333333
539,107,-0.506666667
540,101,-0.636666667
540,102,-0.523333333
540,103,-0.926666667
540,104,-2.02
540,105,-3.026666667
540,106,-2.323333333
540,107,-0.666666667
540,108,-1.653333333
540,109,-1.866666667
540,110,-1.546666667
540,111,-0.153333333
540,112,-0.343333333
540,113,-0.303333333
540,114,-0.343333333
540,115,-0.183333333
540,116,-0.263333333
540,117,-0.093333333
540,118,-0.143333333
540,119,-0.176666667
540,120,-0.186666667
540,121,-0.153333333
540,122,-0.183333333
540,123,0.013333333
540,124,-0.043333333
540,125,-0.063333333
540,126,-0.13
540,127,-0.126666667
540,128,-0.076666667
540,129,-0.043333333
540,130,-0.096666667
540,138,-0.273333333
541,96,0.156666667
541,97,0.393333333
541,98,0.203333333
541,99,NaN
541,100,NaN
541,101,0.133333333
541,102,NaN
541,103,-0.546666666999999
541,104,-1.81
541,105,-3.006666667
541,107,NaN
541,108,NaN
541,109,NaN
541,111,NaN
541,112,NaN
541,114,-0.053333333
541,115,-0.043333333
541,116,-0.263333333
541,118,-0.113333333
542,96,NaN
542,97,0.493333333
542,98,0.371333333
542,99,0.386666667
542,100,-0.356666667
542,102,-0.501533333
542,103,-0.966666666999999
542,104,-1.98
542,105,-3.139666667
542,106,-2.534133333
542,107,-0.906666667
542,108,-1.726133333
542,109,-2.522766667
542,110,NaN
542,111,-0.043333333
542,112,-0.143333333
542,115,-0.143333333
542,116,-0.563333333
542,118,-0.103333333
542,119,-0.126666667
542,120,-0.136666667
542,121,-0.033333333
542,122,-0.013333333
542,123,0.093333333
542,124,-0.013333333
542,125,-0.013333333
542,126,-0.05
542,127,-0.066666667
542,128,-0.036666667
542,129,-0.053333333
542,130,-0.066666667
542,131,-0.073333333
542,132,-0.026666667
542,133,NaN
542,134,NaN
542,135,NaN
542,136,NaN
542,137,NaN
542,138,NaN
542,139,NaN
542,140,NaN
542,141,NaN
542,143,NaN
542,145,-0.37
542,146,NaN
542,150,NaN
543,96,0.176666667
543,97,0.292333333
543,98,0.144333333
543,99,NaN
543,100,0.133333333
543,101,0.0116333329999998
543,102,-0.224933333
543,103,-0.649866667
543,104,-1.5539
543,105,-2.704166667
543,106,-2.500933333
543,107,-0.512766667
543,108,-1.254833333
543,109,-2.238666667
543,110,-0.523866667
543,111,-0.217233333
543,112,-0.123133333
543,113,-0.134333333
544,96,0.016666667
544,97,0.183333333
544,98,0.153333333
544,99,0.00666666699999929
544,100,-0.096666667
544,101,-0.216666667
544,102,-0.253333333
544,103,-0.666666666999999
544,104,-1.58
544,105,-2.906666667
544,106,-2.403333333
544,108,-1.453333333
544,110,-0.226666667
544,111,-0.113333333
544,112,-0.173333333
546,97,0.293333333000001
546,98,-0.246666667
546,99,-0.193333333
546,100,-0.346666667
546,101,-0.516666667
546,102,-0.763333333
546,103,-1.246666667
546,104,-1.51
546,105,-2.856666667
546,106,-2.473333333
546,107,-0.606666667
546,108,-1.303333333
546,109,-1.886666667
546,110,-0.626666667
546,111,-0.243333333
546,112,-0.443333333
546,114,-0.453333333
546,115,-0.293333333
546,116,-0.813333333
546,117,-0.023333333
546,118,-0.103333333
546,120,-0.486666667
546,121,-0.033333333
546,122,0.036666667
546,123,0.053333333
546,124,-0.013333333
546,125,-0.013333333
546,126,-0.05
546,127,-0.066666667
546,128,-0.036666667
546,129,-0.053333333
546,130,-0.066666667
546,131,-0.073333333
546,132,-0.076666667
546,133,-0.173333333
546,134,-0.28
546,135,-0.56
546,136,-0.476666667
546,137,-0.413333333
546,138,-0.343333333
546,139,-0.553333333
546,140,-0.27
546,141,0.0399999999999999
546,142,0.19
546,143,0.186666667
546,144,-0.0933333330000001
546,145,0.11
546,146,0.14
546,147,-0.0600000000000001
546,148,0.166666667
546,149,-0.163333333
546,150,-1.15
548,97,0.153333333
548,98,0.117333332999999
548,99,-0.0583333330000002
548,100,-0.199166667
548,101,-0.446566667
548,102,0.0266666669999998
548,103,-0.326266667
548,104,-1.5713
548,105,-2.930566667
548,106,-2.853233333
548,107,-0.296666667
548,108,-1.189233333
548,109,-2.004866667
548,110,-0.635666667
548,111,NaN
548,112,-0.247533333
548,114,-0.109433333
548,115,-0.505333333
548,116,-1.034433333
548,118,-0.142533333
548,119,-0.208966667
548,120,-0.460866667
548,122,0.012966667
548,123,0.057233333
548,124,0.004166667
548,125,0.000366667000000001
548,126,-0.0704
548,127,-0.044966667
548,128,-0.020266667
548,129,-0.063433333
548,130,-0.054966667
548,131,-0.029633333
548,132,-0.030666667
548,133,-0.036533333
548,134,-0.11
548,135,-0.17
548,136,-0.016666667
548,137,-0.00333333299999999
548,138,-0.223333333
548,139,-0.423333333
548,140,-0.21
548,141,-0.17
548,142,0.2
548,143,-0.103333333
548,144,0.186666667
548,145,0.38
548,146,0.39
548,147,0.52
548,148,0.226666667
549,99,0.506666666999999
549,100,0.653333333
549,101,0.783333333
549,102,0.0366666669999995
549,103,0.103333333
549,104,-0.91
549,105,-2.606666667
549,106,-2.273333333
549,107,-0.306666667
549,108,-1.253333333
549,109,-1.436666667
549,110,-0.526666667
549,111,0.00666666700000001
549,112,-0.143333333
549,113,-0.243333333
549,114,-0.033333333
549,115,-0.043333333
549,116,-0.413333333
549,117,-0.103333333
549,118,-0.143333333
549,119,NaN
549,120,NaN
549,121,NaN
549,122,NaN
549,123,NaN
549,124,NaN
549,125,NaN
549,126,NaN
549,127,NaN
549,128,NaN
549,129,NaN
549,130,NaN
549,131,NaN
549,132,-0.046666667
549,133,-0.033333333
549,134,-0.03
549,135,-0.29
549,136,-0.226666667
549,137,-0.193333333
549,138,0.00666666700000001
549,139,-0.303333333
549,140,-0.07
549,141,NaN
549,142,0.29
549,143,0.316666667
549,144,0.016666667
549,145,0.3
549,146,0.32
549,147,0.14
549,148,0.176666667
549,149,0.0266666670000002
549,150,-0.33
553,106,-2.623333333
553,107,-1.906666667
553,108,-1.703333333
553,109,-1.786666667
553,110,-0.326666667
553,111,-0.043333333
553,112,-0.243333333
553,114,-0.153333333
553,115,-0.343333333
553,116,-0.463333333
553,119,-0.116666667
553,120,-0.136666667
553,122,0.046666667
553,123,0.093333333
553,124,0.016666667
553,125,-0.013333333
553,126,-0.05
553,127,-0.166666667
553,128,-0.033666667
553,129,-0.053333333
553,130,-0.066666667
553,131,-0.073333333
553,132,-0.046666667
553,133,-0.043333333
553,134,-0.33
553,135,-0.46
553,137,-0.113333333
553,138,-0.343333333
553,139,-0.603333333
553,140,-0.47
553,141,0.0399999999999999
553,142,0.13
553,143,0.066666667
553,145,0.21
553,146,0.24
553,147,0.04
553,148,0.164666667
553,149,-0.0133333329999998
555,106,-2.123333333
555,107,-1.106666667
555,108,-1.703333333
555,109,-1.586666667
555,110,-0.326666667
555,111,-0.243333333
555,112,-0.343333333
555,113,-0.193333333
555,114,-0.053333333
555,115,-0.143333333
555,116,-0.263333333
555,117,-0.073333333
555,118,-0.203333333
555,119,-0.226666667
555,120,-0.286666667
555,121,-0.133333333
555,122,-0.013333333
555,123,0.00333333299999999
555,125,-0.013333333
555,126,-0.1
555,127,-0.166666667
555,128,-0.086666667
555,129,-0.153333333
555,130,-0.066666667
555,131,-0.123333333
555,133,-0.153333333
555,134,-0.53
555,135,-0.7202
555,136,-0.736666667
555,137,-0.573333333
555,138,-0.423333333
555,139,-0.603333333
555,140,-0.43
555,141,0.02
555,142,0.11
555,143,0.196666667
555,144,-0.193333333
555,145,0.01
555,146,0.24
555,147,-0.0600000000000001
555,148,-0.0833333330000001
555,149,-0.163333333
555,150,-0.6
557,107,-1.006666667
557,108,-1.553333333
557,109,-1.786666667
557,110,-0.976666667
557,111,-0.157033333
557,112,-0.155533333
557,113,-0.128033333
557,114,0.096666667
557,115,0.007566667
557,116,-0.063333333
557,118,-0.211333333
557,119,-0.272166667
557,120,-0.256666667
557,121,-0.503333333
557,122,-0.263333333
557,123,NaN
557,124,-0.043333333
557,125,-0.063333333
557,126,-0.15
557,127,-0.166666667
557,128,-0.056666667
557,129,-0.023333333
557,130,-0.096666667
557,131,-0.163333333
557,132,-0.116666667
557,133,-0.023333333
557,134,-0.03
557,135,-0.09
557,136,-0.086666667
557,137,-0.073333333
557,138,-0.413333333
557,139,-0.253333333
557,140,-0.31
557,141,0.1379
557,142,0.15
557,143,0.106666667
557,144,-0.163333333
557,145,0.3314
557,146,0.3278
557,147,0.2267
557,148,-0.0400333330000002
557,149,-0.150033333
557,150,-0.5167
558,112,-0.314533333
558,114,-0.023933333
558,115,-0.010233333
558,116,-0.129333333
558,117,-0.369333333
558,118,-0.340333333
558,119,-0.482366667
558,120,-0.644266667
558,121,-0.216233333
558,122,-0.183333333
559,109,-1.786666667
559,111,NaN
559,116,-0.363333333
559,120,-0.486666667
559,122,NaN
559,123,0.053333333
559,124,0.006666667
559,125,-0.00333333299999999
559,126,-0.05
559,127,-0.066666667
559,128,-0.036666667
559,131,-0.043333333
559,132,-0.096666667
559,133,-0.093333333
559,134,-0.28
559,135,-0.24
559,136,-0.476666667
559,137,-0.233333333
559,138,-0.263333333
559,140,-0.14
559,141,0.0299999999999999
559,142,0.27
559,144,-0.0733333330000001
559,146,0.54
559,147,0.22
559,149,-0.0233333330000001
560,110,-1.826666667
560,111,-0.743333333
560,112,-0.843333333
560,113,-0.793333333
560,114,-0.553333333
560,115,-0.543333333
560,116,-0.563333333
560,117,-0.573333333
560,118,NaN
560,119,NaN
560,122,-0.413333333
560,125,-0.035933333
560,126,-0.05
560,127,-0.323666667
560,129,-0.103333333
560,134,NaN
560,136,-0.026666667
560,137,0.036666667
560,142,NaN
560,143,NaN
563,116,-0.113333333
563,117,-0.073333333
563,118,-0.173333333
563,119,-0.136666667
563,120,-0.146666667
563,121,-0.00333333300000001
563,122,0.046666667
563,123,0.083333333
563,124,-0.013333333
563,125,-0.033333333
563,126,-0.08
563,127,-0.076666667
563,128,-0.036666667
563,129,-0.033333333
563,130,-0.016666667
563,131,-0.053333333
563,132,-0.046666667
563,133,-0.033333333
563,134,-0.04
563,135,-0.03
563,136,0.043333333
563,137,-0.113333333
563,138,-0.143333333
563,139,0.146666667
563,140,0.12
563,141,0.24
563,142,0.54
563,143,0.536666667
563,144,0.306666667
563,145,0.36
563,146,0.64
563,147,0.44
563,148,0.416666667
563,149,0.286666667
563,150,0
568,119,-0.116666667
568,120,-0.116666667
568,121,0.016666667
568,122,0.066666667
568,123,0.093333333
568,124,0.016666667
568,125,0.016666667
568,126,-0.05
568,127,-0.066666667
568,128,-0.036666667
568,130,-0.016666667
568,131,-0.023333333
568,132,-0.026666667
568,133,-0.003333333
568,134,-0.23
568,135,-0.16
568,136,-0.076666667
568,137,-0.213333333
568,138,-0.543333333
568,139,-0.203333333
568,140,0.01
568,141,0.09
568,142,0.27
568,143,0.236666667
568,144,0.106666667
568,145,0.31
568,146,0.49
568,147,0.04
568,148,-0.0133333330000003
568,149,-0.113333333
568,150,-0.28
569,123,0.053333333
569,124,-0.013333333
569,126,-0.05
569,127,-0.066666667
569,128,-0.036666667
569,130,-0.066666667
569,132,-0.076666667
569,133,-0.273333333
569,134,-0.28
569,135,-0.26
569,136,-0.476666667
569,137,-0.313333333
569,138,-0.343333333
569,139,-0.403333333
569,140,-0.47
569,141,-0.31
569,142,0.09
569,143,-0.0633333330000001
569,144,-0.193333333
569,145,-0.04
569,146,0.24
569,147,0.04
569,148,0.016666667
569,149,-0.113333333
569,150,-0.4
570,126,-0.05
570,127,-0.066666667
570,128,-0.036666667
570,129,-0.053333333
570,130,-0.016666667
570,131,-0.043333333
570,132,-0.026666667
570,133,-0.043333333
570,134,-0.13
570,135,-0.11
570,136,-0.226666667
570,137,-0.162133333
570,138,-0.125133333
570,139,-0.402133333
570,140,-0.3216
570,141,0.09
570,142,0.29
570,143,0.136666667
570,144,-0.052233333
570,145,0.26
570,146,0.44
570,147,0.269
570,148,0.0310666669999997
570,149,0.0539666670000001
570,150,-0.45
572,125,-0.033333333
572,127,-0.066666667
572,129,-0.033333333
572,130,-0.016666667
572,131,-0.023333333
572,132,-0.036666667
572,133,-0.023333333
572,134,-0.09
572,135,-0.29
572,136,-0.236666667
572,137,-0.243333333
572,138,-0.313333333
572,139,-0.223333333
572,140,-0.21
572,141,0.0599999999999999
572,142,0.36
572,143,0.086666667
572,144,-0.133333333
572,145,0.15
572,146,0.46
572,147,0.19
572,148,0.316666667
572,149,-0.173333333
572,150,-0.43
574,128,-0.036666667
574,129,-0.153333333
574,130,-0.166666667
574,131,-0.133333333
574,132,-0.076666667
574,133,-0.093333333
574,134,-0.2333
574,135,-0.5133
574,136,-0.556666667
574,137,-0.780033333
574,138,-0.743333333
574,139,-0.266633333
574,140,-0.3817
574,141,-0.035
574,142,0.1433
574,143,0.00666666699999996
574,144,0.00666666699999996
574,145,-0.14
574,146,0.2001
574,147,0.0900000000000001
574,148,0.036666667
574,149,0.0333666670000001
574,150,-0.4733
576,129,0.006666667
576,130,0.003333333
576,131,-0.013333333
576,132,-0.016666667
576,136,-0.286666667
576,137,-0.213333333
576,138,-0.483333333
576,139,-0.433333333
576,140,-0.48
576,141,-0.16
576,142,0.29
576,143,0.016666667
576,144,0.026666667
576,145,0.5987
576,146,0.61
576,147,0.55
576,148,0.406666667
576,149,0.336666667
576,150,-0.39
577,129,-0.053333333
577,130,-0.046666667
577,131,-0.133333333
577,132,-0.036666667
577,133,-0.043333333
577,134,-0.04
577,135,0.01
577,136,0.093333333
577,137,0.246666667
577,139,-0.503333333
577,140,-0.07
577,142,0.52
577,143,-0.0833333330000001
577,145,0.11
577,149,-0.0633333330000001
577,150,0.22
578,131,-0.073333333
578,132,-0.076666667
578,133,-0.033333333
578,134,-0.31
578,135,-0.66
578,136,-0.460666667
578,137,-0.323333333
578,138,-0.353333333
578,139,-0.313333333
578,140,-0.18
578,141,0.0599999999999999
578,142,0.11
578,143,-0.076633333
578,144,-0.0733333330000001
578,146,0.3267
578,147,0.2267
578,148,0.0199666669999998
578,149,-0.0266333329999999
578,150,-0.36
